Domain Name,Domain_Type,Coded Values,Coded Values Description
ACEC_DOM_DESIG_CODE,CodedValue,CUL,Cultural
ACEC_DOM_DESIG_CODE,CodedValue,FRSC,Fish Resource
ACEC_DOM_DESIG_CODE,CodedValue,HIS,Historical
ACEC_DOM_DESIG_CODE,CodedValue,NHAZ,Natural Hazard
ACEC_DOM_DESIG_CODE,CodedValue,NPRO,Natural Process
ACEC_DOM_DESIG_CODE,CodedValue,NSYS,Natural System
ACEC_DOM_DESIG_CODE,CodedValue,SCE,Scenic
ACEC_DOM_DESIG_CODE,CodedValue,UNK,Unknown
ACEC_DOM_DESIG_CODE,CodedValue,WRSC,Wildlife Resource
ACEC_DOM_DESIG_STATUS,CodedValue,CONSIDERED,Considered
ACEC_DOM_DESIG_STATUS,CodedValue,CONSIDERED NOT DESIGNATED,Considered but not designated
ACEC_DOM_DESIG_STATUS,CodedValue,NOMINATED,Nominated
ACEC_DOM_DESIG_STATUS,CodedValue,NOMINATED NOT CONSIDERED,Nominated but not considered
ACEC_DOM_DESIG_STATUS,CodedValue,UNKNOWN,Unknown
ACEC_DOM_LIMIT,CodedValue,Closed,Item/Activity is closed for all intents and purposes
ACEC_DOM_LIMIT,CodedValue,Other,Item/Activity does not fit into any of the other limitation types
ACEC_DOM_LIMIT,CodedValue,Prohibit,Item/Activity is not allowed for any reason
ACEC_DOM_LIMIT,CodedValue,Restricted,"Item/Activity is limited to certain aspects, such as timing or season"
ACEC_DOM_LIMIT,CodedValue,UNK,Item/Activity is unknown
ACEC_DOM_MGMT_CON_TYPE,CodedValue,Commercial Events,"Relate to activities prepared or done with an emphasis on salability, profit, or success"
ACEC_DOM_MGMT_CON_TYPE,CodedValue,Facility,Relate to a building or structure
ACEC_DOM_MGMT_CON_TYPE,CodedValue,Fire,Deal with the management and control of fire and/or smoke
ACEC_DOM_MGMT_CON_TYPE,CodedValue,Fish,Relate to activities associated with fish or how one can fish
ACEC_DOM_MGMT_CON_TYPE,CodedValue,Fluid Mineral,Relate to activities associated with oil and gas
ACEC_DOM_MGMT_CON_TYPE,CodedValue,Geothermal,Relate to geothermal use and activities
ACEC_DOM_MGMT_CON_TYPE,CodedValue,Habitat,Relate to the restrictions or support of habitat for wildlife
ACEC_DOM_MGMT_CON_TYPE,CodedValue,Land Ownership,Relate to changes in land ownership
ACEC_DOM_MGMT_CON_TYPE,CodedValue,Off Highway Vehicles (OHV),Relate to mangement of where and when OHV are allowed
ACEC_DOM_MGMT_CON_TYPE,CodedValue,Other,Constraints that do not fit into other categories
ACEC_DOM_MGMT_CON_TYPE,CodedValue,Range,Relate to the mangement and use of rangeland resources
ACEC_DOM_MGMT_CON_TYPE,CodedValue,Recreation,Relate to recreational activities that may or may not be allowed
ACEC_DOM_MGMT_CON_TYPE,CodedValue,Rights-of-Way,Relate to Rights-of-Way and how they are managed
ACEC_DOM_MGMT_CON_TYPE,CodedValue,Roads,Relate to where and what type of roads are or are not allowed
ACEC_DOM_MGMT_CON_TYPE,CodedValue,Solid Mineral,Relate to activities associated with solid minerals
ACEC_DOM_MGMT_CON_TYPE,CodedValue,Travel,Relate to where and what type of travel is or is not allowed
ACEC_DOM_MGMT_CON_TYPE,CodedValue,Treatments,Relate to Management Actions that control land flora and fauna to met Management Objectives
ACEC_DOM_MGMT_CON_TYPE,CodedValue,UNK,Unknown
ACEC_DOM_MGMT_CON_TYPE,CodedValue,Vegetation,Relate to the sale and use of vegetation
ACEC_DOM_MGMT_CON_TYPE,CodedValue,Water,Relate to water and waterways
ACEC_DOM_MGMT_CON_TYPE,CodedValue,Weapons,Relate to types and uses of weapons
ACEC_DOM_MGMT_CON_TYPE,CodedValue,Wildlife,"Relate to the management and support of wildlife, including hunting"
ACEC_DOM_SEN_CODE,CodedValue,PUB,Data for public viewing
ACEC_DOM_SEN_CODE,CodedValue,RES,Data for restricted viewing
ACEC_DOM_SEN_CODE,CodedValue,UNK,Unknown
ADMU_DOM_ADMU_TIER,CodedValue,0,International
ADMU_DOM_ADMU_TIER,CodedValue,1,Administrative State
ADMU_DOM_ADMU_TIER,CodedValue,2,Administrative District
ADMU_DOM_ADMU_TIER,CodedValue,3,Administrative Field Office
ADMU_DOM_ADMU_TIER,CodedValue,4,Sub-Field Office
DOM_ADMIN_ST,CodedValue,AK,Alaska
DOM_ADMIN_ST,CodedValue,AZ,Arizona
DOM_ADMIN_ST,CodedValue,CA,California
DOM_ADMIN_ST,CodedValue,CO,Colorado
DOM_ADMIN_ST,CodedValue,ES,Eastern States
DOM_ADMIN_ST,CodedValue,ID,Idaho
DOM_ADMIN_ST,CodedValue,MT,Montana
DOM_ADMIN_ST,CodedValue,NM,New Mexico
DOM_ADMIN_ST,CodedValue,NV,Nevada
DOM_ADMIN_ST,CodedValue,OR,Oregon
DOM_ADMIN_ST,CodedValue,UT,Utah
DOM_ADMIN_ST,CodedValue,WY,Wyoming
DOM_ADMIN_ST_Ca,CodedValue,AZ,Arizona
DOM_ADMIN_ST_Ca,CodedValue,CA,California
DOM_ADMIN_ST_Ca,CodedValue,NV,Nevada
DOM_ADMIN_ST_Ca,CodedValue,OR,Oregon
DOM_ADM_UNIT_CD,CodedValue,AK000000,ALASKA
DOM_ADM_UNIT_CD,CodedValue,AKA00000,ANCHORAGE DISTRICT OFFICE
DOM_ADM_UNIT_CD,CodedValue,AKA00500,CAMPBELL CREEK SCIENCE CENTER
DOM_ADM_UNIT_CD,CodedValue,AKA01000,ANCHORAGE FIELD OFFICE
DOM_ADM_UNIT_CD,CodedValue,AKA02000,GLENNALLEN FIELD OFFICE
DOM_ADM_UNIT_CD,CodedValue,AKF00000,FAIRBANKS DISTRICT OFFICE
DOM_ADM_UNIT_CD,CodedValue,AKF01000,ARCTIC FIELD OFFICE
DOM_ADM_UNIT_CD,CodedValue,AKF02000,EASTERN INTERIOR FIELD OFFICE
DOM_ADM_UNIT_CD,CodedValue,AKF03000,CENTRAL YUKON FIELD OFFICE
DOM_ADM_UNIT_CD,CodedValue,AZ000000,ARIZONA
DOM_ADM_UNIT_CD,CodedValue,AZA00000,ARIZONA STRIP DISTRICT OFFICE
DOM_ADM_UNIT_CD,CodedValue,AZA01000,ARIZONA STRIP FIELD OFFICE
DOM_ADM_UNIT_CD,CodedValue,AZA02000,VERMILION CLIFFS NATIONAL MONUMENT
DOM_ADM_UNIT_CD,CodedValue,AZA03000,GRAND CANYON/PARASHANT NATIONAL MONUM
DOM_ADM_UNIT_CD,CodedValue,AZC00000,COLORADO RIVER DISTRICT OFFICE
DOM_ADM_UNIT_CD,CodedValue,AZC01000,KINGMAN FIELD OFFICE
DOM_ADM_UNIT_CD,CodedValue,AZC02000,YUMA FIELD OFFICE
DOM_ADM_UNIT_CD,CodedValue,AZC03000,LAKE HAVASU FIELD OFFICE
DOM_ADM_UNIT_CD,CodedValue,AZG00000,GILA DISTRICT OFFICE
DOM_ADM_UNIT_CD,CodedValue,AZG01000,SAFFORD FIELD OFFICE
DOM_ADM_UNIT_CD,CodedValue,AZG01100,GILA BOX RIPARIAN NCA
DOM_ADM_UNIT_CD,CodedValue,AZG02000,TUCSON FIELD OFFICE
DOM_ADM_UNIT_CD,CodedValue,AZG02100,LAS CIENEGAS NCA
DOM_ADM_UNIT_CD,CodedValue,AZG02200,SAN PEDRO RIPARIAN NCA
DOM_ADM_UNIT_CD,CodedValue,AZG03000,IRONWOOD FOREST NATIONAL MONUMENT
DOM_ADM_UNIT_CD,CodedValue,AZP00000,PHOENIX DISTRICT OFFICE
DOM_ADM_UNIT_CD,CodedValue,AZP01000,HASSAYAMPA FIELD OFFICE
DOM_ADM_UNIT_CD,CodedValue,AZP02000,LOWER SONORAN FIELD OFFICE
DOM_ADM_UNIT_CD,CodedValue,AZP03000,AGUA FRIA NATIONAL MONUMENT
DOM_ADM_UNIT_CD,CodedValue,AZP04000,SONORAN DESERT NATIONAL MONUMENT
DOM_ADM_UNIT_CD,CodedValue,CA000000,"CALIFORNIA, BUREAU OF LAND MANAGEMENT"
DOM_ADM_UNIT_CD,CodedValue,CA900000,CALIFORNIA STATE OFFICE
DOM_ADM_UNIT_CD,CodedValue,CA939000,CA COASTAL NATIONAL MONUMENT
DOM_ADM_UNIT_CD,CodedValue,CAC00000,CENTRAL CALIFORNIA DISTRICT
DOM_ADM_UNIT_CD,CodedValue,CAC01000,CENTRAL CALIFORNIA DISTRICT OFFICE
DOM_ADM_UNIT_CD,CodedValue,CAC01300,CALIFORNIA COASTAL NATIONAL MONUMENT
DOM_ADM_UNIT_CD,CodedValue,CAC05000,UKIAH FIELD OFFICE
DOM_ADM_UNIT_CD,CodedValue,CAC06000,BAKERSFIELD FIELD OFFICE
DOM_ADM_UNIT_CD,CodedValue,CAC06800,PIEDRAS BLANCAS LIGHT STATION ONA
DOM_ADM_UNIT_CD,CodedValue,CAC06900,CARRIZO PLAIN NATIONAL MONUMENT
DOM_ADM_UNIT_CD,CodedValue,CAC07000,BISHOP FIELD OFFICE
DOM_ADM_UNIT_CD,CodedValue,CAC08000,MOTHERLODE FIELD OFFICE
DOM_ADM_UNIT_CD,CodedValue,CAC09000,CENTRAL COAST FIELD OFFICE
DOM_ADM_UNIT_CD,CodedValue,CAD00000,CALIFORNIA DESERT DISTRICT
DOM_ADM_UNIT_CD,CodedValue,CAD01000,CALIFORNIA DESERT DISTRICT OFFICE
DOM_ADM_UNIT_CD,CodedValue,CAD05000,RIDGECREST FIELD OFFICE
DOM_ADM_UNIT_CD,CodedValue,CAD06000,PALM SPRINGS/S COAST FLD OFC
DOM_ADM_UNIT_CD,CodedValue,CAD06800,SANTA ROSA NATL MONUMENT
DOM_ADM_UNIT_CD,CodedValue,CAD07000,EL CENTRO FIELD OFFICE
DOM_ADM_UNIT_CD,CodedValue,CAD08000,BARSTOW FIELD OFFICE
DOM_ADM_UNIT_CD,CodedValue,CAD09000,NEEDLES FIELD OFFICE
DOM_ADM_UNIT_CD,CodedValue,CAN00000,NORTHERN CALIFORNIA DISTRICT
DOM_ADM_UNIT_CD,CodedValue,CAN01000,NORTHERN CALIFORNIA DISTRICT OFFICE
DOM_ADM_UNIT_CD,CodedValue,CAN02000,APPLEGATE FIELD OFFICE
DOM_ADM_UNIT_CD,CodedValue,CAN03000,ARCATA FIELD OFFICE
DOM_ADM_UNIT_CD,CodedValue,CAN03800,KING RANGE NATIONAL CONSERVATION AR
DOM_ADM_UNIT_CD,CodedValue,CAN03900,HEADWATERS FOREST RESERVE
DOM_ADM_UNIT_CD,CodedValue,CAN05000,EAGLE LAKE FIELD OFFICE
DOM_ADM_UNIT_CD,CodedValue,CAN06000,REDDING FIELD OFFICE
DOM_ADM_UNIT_CD,CodedValue,CAN07000,SURPRISE FIELD OFFICE
DOM_ADM_UNIT_CD,CodedValue,CO000000,COLORADO STATE OFFICE
DOM_ADM_UNIT_CD,CodedValue,COF00000,FRONT RANGE DISTRICT OFFICE
DOM_ADM_UNIT_CD,CodedValue,COF02000,ROYAL GORGE FIELD OFFICE
DOM_ADM_UNIT_CD,CodedValue,COF03000,SAN LUIS VALLEY FIELD OFFICE
DOM_ADM_UNIT_CD,CodedValue,COF04000,LA JARA FIELD OFFICE
DOM_ADM_UNIT_CD,CodedValue,COF05000,SAGUACHE FIELD OFFICE
DOM_ADM_UNIT_CD,CodedValue,COF06000,DEL NORTE FIELD OFFICE
DOM_ADM_UNIT_CD,CodedValue,CON00000,NORTHWEST DISTRICT OFFICE
DOM_ADM_UNIT_CD,CodedValue,CON01000,LITTLE SNAKE FIELD OFFICE
DOM_ADM_UNIT_CD,CodedValue,CON02000,KREMMLING FIELD OFFICE
DOM_ADM_UNIT_CD,CodedValue,CON03000,GRAND JUNCTION FIELD OFFICE
DOM_ADM_UNIT_CD,CodedValue,CON03400,MCINNIS CANYONS NCA
DOM_ADM_UNIT_CD,CodedValue,CON04000,COLORADO RIVER VALLEY FIELD OFFICE
DOM_ADM_UNIT_CD,CodedValue,CON05000,WHITE RIVER FIELD OFFICE
DOM_ADM_UNIT_CD,CodedValue,CON06000,DOMINGUEZ-ESCALANTE (NCA)
DOM_ADM_UNIT_CD,CodedValue,COS00000,SOUTHWEST DISTRICT OFFICE
DOM_ADM_UNIT_CD,CodedValue,COS01000,TRES RIOS FIELD OFFICE
DOM_ADM_UNIT_CD,CodedValue,COS02000,COLUMBINE FIELD OFFICE
DOM_ADM_UNIT_CD,CodedValue,COS03000,PAGOSA SPRINGS FIELD OFFICE
DOM_ADM_UNIT_CD,CodedValue,COS04000,DOLORES FIELD OFFICE
DOM_ADM_UNIT_CD,CodedValue,COS05000,UNCOMPAHGRE FIELD OFFICE
DOM_ADM_UNIT_CD,CodedValue,COS05400,GUNNISON GORGE NCA
DOM_ADM_UNIT_CD,CodedValue,COS06000,GUNNISON FIELD OFFICE
DOM_ADM_UNIT_CD,CodedValue,COS07000,CANYON ANCNTS NATL MONUMENT
DOM_ADM_UNIT_CD,CodedValue,ES000000,EASTERN STATES
DOM_ADM_UNIT_CD,CodedValue,ES002000,JACKSON FIELD OFFICE
DOM_ADM_UNIT_CD,CodedValue,ES003000,MILWAUKEE FIELD OFFICE
DOM_ADM_UNIT_CD,CodedValue,ESJ00000,BLM SOUTHEASTERN STATES DISTRICT
DOM_ADM_UNIT_CD,CodedValue,ESJ02400,JUPER INLET LIGHTHOUSE ONA
DOM_ADM_UNIT_CD,CodedValue,ESM00000,BLM NORTHEASTERN STATES DISTRICT
DOM_ADM_UNIT_CD,CodedValue,ESM03400,LOWER POTOMAC FIELD STATION
DOM_ADM_UNIT_CD,CodedValue,FA000000,NATIONAL INTERAGENCY FIRE CTR
DOM_ADM_UNIT_CD,CodedValue,ID00000,IDAHO
DOM_ADM_UNIT_CD,CodedValue,IDB00000,BOISE DISTRICT OFFICE
DOM_ADM_UNIT_CD,CodedValue,IDB01000,FOUR RIVERS FIELD OFFICE
DOM_ADM_UNIT_CD,CodedValue,IDB01100,BIRDS OF PREY NATIONAL CONSERVATION A
DOM_ADM_UNIT_CD,CodedValue,IDB02000,BRUNEAU FIELD OFFICE
DOM_ADM_UNIT_CD,CodedValue,IDB03000,OWYHEE FIELD OFFICE
DOM_ADM_UNIT_CD,CodedValue,IDC00000,COEUR D'ALENE DISTRICT OFFICE
DOM_ADM_UNIT_CD,CodedValue,IDC01000,COEUR D'ALENE FIELD OFFICE
DOM_ADM_UNIT_CD,CodedValue,IDC02000,COTTONWOOD FIELD OFFICE
DOM_ADM_UNIT_CD,CodedValue,IDI00000,IDAHO FALLS DISTRICT OFFICE
DOM_ADM_UNIT_CD,CodedValue,IDI01000,UPPER SNAKE FIELD OFFICE
DOM_ADM_UNIT_CD,CodedValue,IDI02000,POCATELLO FIELD OFFICE
DOM_ADM_UNIT_CD,CodedValue,IDI03000,CHALLIS FIELD OFFICE
DOM_ADM_UNIT_CD,CodedValue,IDI04000,SALMON FIELD OFFICE
DOM_ADM_UNIT_CD,CodedValue,IDT00000,TWIN FALLS DISTRICT OFFICE
DOM_ADM_UNIT_CD,CodedValue,IDT01000,JARBIDGE FIELD OFFICE
DOM_ADM_UNIT_CD,CodedValue,IDT02000,BURLEY FIELD OFFICE
DOM_ADM_UNIT_CD,CodedValue,IDT03000,SHOSHONE FIELD OFFICE
DOM_ADM_UNIT_CD,CodedValue,IDT03100,CRATERS OF THE MOON NATIONAL MONUME
DOM_ADM_UNIT_CD,CodedValue,MT000000,"MONTANA/DAKOTAS, BLM"
DOM_ADM_UNIT_CD,CodedValue,MT001000,BILLINGS FIELD OFFICE
DOM_ADM_UNIT_CD,CodedValue,MT001200,POMPEYS PILLAR NATIONAL MONUMENT
DOM_ADM_UNIT_CD,CodedValue,MTB00000,WESTERN MONTANA DISTRICT OFFICE
DOM_ADM_UNIT_CD,CodedValue,MTB01000,MISSOULA FIELD OFFICE
DOM_ADM_UNIT_CD,CodedValue,MTB05000,DILLON FIELD OFFICE
DOM_ADM_UNIT_CD,CodedValue,MTB07000,BUTTE FIELD OFFICE
DOM_ADM_UNIT_CD,CodedValue,MTC00000,EASTERN MONTANA/DAKS DISTRICT OFFICE
DOM_ADM_UNIT_CD,CodedValue,MTC02000,MILES CITY FIELD OFFICE
DOM_ADM_UNIT_CD,CodedValue,MTC03000,NORTH DAKOTA FIELD OFFICE
DOM_ADM_UNIT_CD,CodedValue,MTC04000,SOUTH DAKOTA FIELD OFFICE
DOM_ADM_UNIT_CD,CodedValue,MTL00000,CENTRAL MONTANA DISTRICT OFFICE
DOM_ADM_UNIT_CD,CodedValue,MTL06000,LEWISTOWN FIELD OFFICE
DOM_ADM_UNIT_CD,CodedValue,MTL07000,UPPER MISSOURI RIVER BREAKS NM
DOM_ADM_UNIT_CD,CodedValue,MTM00000,HILINE DISTRICT OFFICE
DOM_ADM_UNIT_CD,CodedValue,MTM01000,MALTA FIELD OFFICE
DOM_ADM_UNIT_CD,CodedValue,MTM02000,GLASGOW FIELD OFFICE
DOM_ADM_UNIT_CD,CodedValue,MTM03000,HAVRE FIELD OFFICE
DOM_ADM_UNIT_CD,CodedValue,MTM04000,GREAT FALLS OIL & GAS FIELD OFFICE
DOM_ADM_UNIT_CD,CodedValue,MV961000,PALIMINO VALLEY CENTER
DOM_ADM_UNIT_CD,CodedValue,NM000000,NEW MEXICO
DOM_ADM_UNIT_CD,CodedValue,NM004000,OKLAHOMA FIELD OFFICE
DOM_ADM_UNIT_CD,CodedValue,NM004400,OKLAHOMA FIELD STATION
DOM_ADM_UNIT_CD,CodedValue,NM006000,AMARILLO FIELD OFFICE
DOM_ADM_UNIT_CD,CodedValue,NMA00000,ALBUQUERQUE DISTRICT OFFICE
DOM_ADM_UNIT_CD,CodedValue,NMA01000,RIO PUERCO FIELD OFFICE
DOM_ADM_UNIT_CD,CodedValue,NMA01300,EL MALPAIS NCA
DOM_ADM_UNIT_CD,CodedValue,NMA01400,KASHA-KATUWE NATIONAL MONUMENT
DOM_ADM_UNIT_CD,CodedValue,NMA02000,SOCORRO FIELD OFFICE
DOM_ADM_UNIT_CD,CodedValue,NMF00000,FARMINGTON DISTRICT OFFICE
DOM_ADM_UNIT_CD,CodedValue,NMF01000,FARMINGTON FIELD OFFICE
DOM_ADM_UNIT_CD,CodedValue,NMF02000,TAOS FIELD OFFICE
DOM_ADM_UNIT_CD,CodedValue,NMF02300,RIO GRANDE DEL NORTE NATL. MONUMENT
DOM_ADM_UNIT_CD,CodedValue,NML00000,LAS CRUCES DISTRICT OFFICE
DOM_ADM_UNIT_CD,CodedValue,NML03400,ORGAN MOUNTAIN DESERT PEAKS NATL.MON.
DOM_ADM_UNIT_CD,CodedValue,NMP00000,PECOS DISTRICT OFFICE
DOM_ADM_UNIT_CD,CodedValue,NMP01000,ROSWELL FIELD OFFICE
DOM_ADM_UNIT_CD,CodedValue,NMP01400,FT STANTON-SNOWY RIVER CAVE NCA
DOM_ADM_UNIT_CD,CodedValue,NMP02000,CARLSBAD FIELD OFFICE
DOM_ADM_UNIT_CD,CodedValue,NV000000,"NEVADA STATE OFC, BUR OF LAND MGMT"
DOM_ADM_UNIT_CD,CodedValue,NVB00000,BATTLE MOUNTAIN DISTRICT OFFICE
DOM_ADM_UNIT_CD,CodedValue,NVB01000,MOUNT LEWIS FIELD OFFICE
DOM_ADM_UNIT_CD,CodedValue,NVB02000,TONOPAH FIELD OFFICE
DOM_ADM_UNIT_CD,CodedValue,NVB02500,TONOPAH FIELD STATION
DOM_ADM_UNIT_CD,CodedValue,NVB06000,BATTLE MOUNTAIN FIELD OFFICE
DOM_ADM_UNIT_CD,CodedValue,NVC00000,CARSON CITY DISTRICT OFFICE
DOM_ADM_UNIT_CD,CodedValue,NVC01000,STILLWATER FIELD OFFICE
DOM_ADM_UNIT_CD,CodedValue,NVC02000,SIERRA FRONT FIELD OFFICE
DOM_ADM_UNIT_CD,CodedValue,NVC03000,CARSON CITY FIELD OFFICE
DOM_ADM_UNIT_CD,CodedValue,NVE00000,ELKO DISTRICT OFFICE
DOM_ADM_UNIT_CD,CodedValue,NVE00160,DIV OF CALIF NATL HIST TRAIL INTERPRT
DOM_ADM_UNIT_CD,CodedValue,NVE01000,ELKO FIELD OFFICE
DOM_ADM_UNIT_CD,CodedValue,NVE02000,TUSCARORA FIELD OFFICE
DOM_ADM_UNIT_CD,CodedValue,NVE03000,WELLS FIELD OFFICE
DOM_ADM_UNIT_CD,CodedValue,NVL00000,ELY DISTRICT OFFICE
DOM_ADM_UNIT_CD,CodedValue,NVL01000,EGAN FIELD OFFICE
DOM_ADM_UNIT_CD,CodedValue,NVL02000,SCHELL FIELD OFFICE
DOM_ADM_UNIT_CD,CodedValue,NVL03000,CALIENTE FIELD OFFICE
DOM_ADM_UNIT_CD,CodedValue,NVL03500,CALIENTE FIELD STATION
DOM_ADM_UNIT_CD,CodedValue,NVL04000,ELY FIELD OFFICE
DOM_ADM_UNIT_CD,CodedValue,NVL05000,BASIN AND RANGE NMON
DOM_ADM_UNIT_CD,CodedValue,NVS00000,SOUTHERN NEVADA DISTRICT OFFICE
DOM_ADM_UNIT_CD,CodedValue,NVS01000,LAS VEGAS FIELD OFFICE
DOM_ADM_UNIT_CD,CodedValue,NVS02000,RED ROCK/SLOAN CANYON NCA FIELD OFFIC
DOM_ADM_UNIT_CD,CodedValue,NVS03000,PAHRUMP FIELD OFFICE
DOM_ADM_UNIT_CD,CodedValue,NVW00000,WINNEMUCCA DISTRICT OFFICE
DOM_ADM_UNIT_CD,CodedValue,NVW01000,HUMBOLDT RIVER FIELD OFFICE
DOM_ADM_UNIT_CD,CodedValue,NVW03000,BLACK ROCK FIELD OFFICE
DOM_ADM_UNIT_CD,CodedValue,NVW03500,BLACK ROCK - HIGH ROCK NCA
DOM_ADM_UNIT_CD,CodedValue,OC000000,NATIONAL OPERATIONS CTR
DOM_ADM_UNIT_CD,CodedValue,OR000000,OREGON STATE OFFICE
DOM_ADM_UNIT_CD,CodedValue,ORB00000,BURNS DISTRICT OFFICE
DOM_ADM_UNIT_CD,CodedValue,ORB05000,BURNS THREE RIVERS FIELD OFFICE
DOM_ADM_UNIT_CD,CodedValue,ORB06000,BURNS ANDREWS FIELD OFFICE
DOM_ADM_UNIT_CD,CodedValue,ORB07000,BURNS STEENS MOUNTAIN CMPA
DOM_ADM_UNIT_CD,CodedValue,ORC00000,COOS BAY DISTRICT OFFICE
DOM_ADM_UNIT_CD,CodedValue,ORC03000,COOS BAY UMPQUA FIELD OFFICE
DOM_ADM_UNIT_CD,CodedValue,ORC04000,COOS BAY MYRTLEWOOD FIELD OFFICE
DOM_ADM_UNIT_CD,CodedValue,ORE00000,EUGENE DISTRICT OFFICE
DOM_ADM_UNIT_CD,CodedValue,ORE05000,EUGENE DISTRICT SIUSLAW FIELD OFFICE
DOM_ADM_UNIT_CD,CodedValue,ORE06000,EUGENE DIST UPPER WILLAMTTE FIELD OFF
DOM_ADM_UNIT_CD,CodedValue,ORL00000,LAKEVIEW DISTRICT OFFICE
DOM_ADM_UNIT_CD,CodedValue,ORL04000,LAKEVIEW KLAMATH FALLS FIELD OFFICE
DOM_ADM_UNIT_CD,CodedValue,ORL05000,LAKEVIEW DISTRICT LAKEVIEW FIELD OFFI
DOM_ADM_UNIT_CD,CodedValue,ORM00000,MEDFORD DISTRICT OFFICE
DOM_ADM_UNIT_CD,CodedValue,ORM04000,MEDFORD CASCADE SISKIYOU NTL MNMNT
DOM_ADM_UNIT_CD,CodedValue,ORM05000,MEDFORD BUTTE FALLS FIELD OFFICE
DOM_ADM_UNIT_CD,CodedValue,ORM06000,MEDFORD ASHLAND FIELD OFFICE
DOM_ADM_UNIT_CD,CodedValue,ORM07000,MEDFORD GRANTS PASS FIELD OFFICE
DOM_ADM_UNIT_CD,CodedValue,ORP00000,PRINEVILLE DISTRICT OFFICE
DOM_ADM_UNIT_CD,CodedValue,ORP04000,PRINEVILLE CENTRAL OREGON FIELD OFFIC
DOM_ADM_UNIT_CD,CodedValue,ORP06000,PRINEVILLE DESCHUTES FIELD OFFICE
DOM_ADM_UNIT_CD,CodedValue,ORR00000,ROSEBURG DISTRICT OFFICE
DOM_ADM_UNIT_CD,CodedValue,ORR04000,ROSEBURG DISTRICT SWIFTWATER FO
DOM_ADM_UNIT_CD,CodedValue,ORR05000,ROSEBURG DISTRICT SOUTH RIVER FO
DOM_ADM_UNIT_CD,CodedValue,ORS00000,SALEM DISTRICT OFFICE
DOM_ADM_UNIT_CD,CodedValue,ORS04000,SALEM CASCADES FIELD OFFICE
DOM_ADM_UNIT_CD,CodedValue,ORS05000,SALEM MARYS PEAK FIELD OFFICE
DOM_ADM_UNIT_CD,CodedValue,ORS06000,SALEM TILLAMOOK FIELD OFFICE
DOM_ADM_UNIT_CD,CodedValue,ORS07000,SALEM YAQUINA HEAD ONA
DOM_ADM_UNIT_CD,CodedValue,ORV00000,VALE DISTRICT OFFICE
DOM_ADM_UNIT_CD,CodedValue,ORV04000,VALE MALHEUR FIELD OFFICE
DOM_ADM_UNIT_CD,CodedValue,ORV05000,VALE BAKER FIELD OFFICE
DOM_ADM_UNIT_CD,CodedValue,ORV06000,VALE JORDAN FIELD OFFICE
DOM_ADM_UNIT_CD,CodedValue,ORV08000,VALE NTL HIST OR TRAIL
DOM_ADM_UNIT_CD,CodedValue,ORW00000,SPOKANE DISTRICT OFFICE
DOM_ADM_UNIT_CD,CodedValue,ORW02000,SPOKANE WENATCHEE FIELD OFFICE
DOM_ADM_UNIT_CD,CodedValue,ORW03000,SPOKANE BORDER FIELD OFFICE
DOM_ADM_UNIT_CD,CodedValue,ORW04000,	SAN JUAN ISLANDS NATIONAL MONUMENT
DOM_ADM_UNIT_CD,CodedValue,TC000000,TRAINING CENTER
DOM_ADM_UNIT_CD,CodedValue,UT000000,UTAH
DOM_ADM_UNIT_CD,CodedValue,UT030000,GRAND STAIRCASE ESCALANTE NAT MONUMEN
DOM_ADM_UNIT_CD,CodedValue,UT034000,ESCALANTE FIELD STATION
DOM_ADM_UNIT_CD,CodedValue,UTC00000,COLOR COUNTRY DISTRICT OFFICE
DOM_ADM_UNIT_CD,CodedValue,UTC01000,CEDAR CITY FIELD OFFICE
DOM_ADM_UNIT_CD,CodedValue,UTC02000,RICHFIELD FIELD OFFICE
DOM_ADM_UNIT_CD,CodedValue,UTC02100,HANKSVILLE FIELD STATION
DOM_ADM_UNIT_CD,CodedValue,UTC03000,ST GEORGE FIELD OFFICE
DOM_ADM_UNIT_CD,CodedValue,UTC03100,RED CLIFFS NATIONAL CONSERVATION AREA
DOM_ADM_UNIT_CD,CodedValue,UTC03200,BEAVER DAM WASH NATIONAL CONSERVATION
DOM_ADM_UNIT_CD,CodedValue,UTC04000,KANAB FIELD OFFICE
DOM_ADM_UNIT_CD,CodedValue,UTG00000,GREEN RIVER DISTRICT OFFICE
DOM_ADM_UNIT_CD,CodedValue,UTG01000,VERNAL FIELD OFFICE
DOM_ADM_UNIT_CD,CodedValue,UTG02000,PRICE FIELD OFFICE
DOM_ADM_UNIT_CD,CodedValue,UTW00000,WEST DESERT DISTRICT OFFICE
DOM_ADM_UNIT_CD,CodedValue,UTW01000,SALT LAKE FIELD OFFICE
DOM_ADM_UNIT_CD,CodedValue,UTW02000,FILLMORE FIELD OFFICE
DOM_ADM_UNIT_CD,CodedValue,UTY00000,CANYON COUNTRY DISTRICT OFFICE
DOM_ADM_UNIT_CD,CodedValue,UTY01000,MOAB FIELD OFFICE
DOM_ADM_UNIT_CD,CodedValue,UTY02000,MONTICELLO FIELD OFFICE
DOM_ADM_UNIT_CD,CodedValue,WO000000,WASHINGTON OFFICE
DOM_ADM_UNIT_CD,CodedValue,WY000000,WYOMING
DOM_ADM_UNIT_CD,CodedValue,WYD00000,WYOMING HIGH DESERT DISTRICT OFFICE
DOM_ADM_UNIT_CD,CodedValue,WYD01000,PINEDALE FIELD OFFICE
DOM_ADM_UNIT_CD,CodedValue,WYD03000,RAWLINS FIELD OFFICE
DOM_ADM_UNIT_CD,CodedValue,WYD04000,ROCK SPRINGS FIELD OFFICE
DOM_ADM_UNIT_CD,CodedValue,WYD09000,KEMMERER FIELD OFFICE
DOM_ADM_UNIT_CD,CodedValue,WYP00000,WYOMING HIGH PLAINS DISTRICT OFFICE
DOM_ADM_UNIT_CD,CodedValue,WYP06000,CASPER FIELD OFFICE
DOM_ADM_UNIT_CD,CodedValue,WYP07000,BUFFALO FIELD OFFICE
DOM_ADM_UNIT_CD,CodedValue,WYP08000,NEWCASTLE FIELD OFFICE
DOM_ADM_UNIT_CD,CodedValue,WYR00000,WIND RIVER/BIGHORN BASIN DISTRICT OFF
DOM_ADM_UNIT_CD,CodedValue,WYR01000,WORLAND FIELD OFFICE
DOM_ADM_UNIT_CD,CodedValue,WYR02000,CODY FIELD OFFICE
DOM_ADM_UNIT_CD,CodedValue,WYR05000,LANDER FIELD OFFICE
DOM_ADM_UNIT_CD,CodedValue,XX000000,UNKNOWN
DOM_ADM_UNIT_CD_Ca,CodedValue,AZ000000,ARIZONA
DOM_ADM_UNIT_CD_Ca,CodedValue,AZA00000,ARIZONA STRIP DISTRICT OFFICE
DOM_ADM_UNIT_CD_Ca,CodedValue,AZA01000,ARIZONA STRIP FIELD OFFICE
DOM_ADM_UNIT_CD_Ca,CodedValue,AZA02000,VERMILION CLIFFS NATIONAL MONUMENT
DOM_ADM_UNIT_CD_Ca,CodedValue,AZA03000,GRAND CANYON/PARASHANT NATIONAL MONUM
DOM_ADM_UNIT_CD_Ca,CodedValue,AZC00000,COLORADO RIVER DISTRICT OFFICE
DOM_ADM_UNIT_CD_Ca,CodedValue,AZC01000,KINGMAN FIELD OFFICE
DOM_ADM_UNIT_CD_Ca,CodedValue,AZC02000,YUMA FIELD OFFICE
DOM_ADM_UNIT_CD_Ca,CodedValue,AZC03000,LAKE HAVASU FIELD OFFICE
DOM_ADM_UNIT_CD_Ca,CodedValue,AZG00000,GILA DISTRICT OFFICE
DOM_ADM_UNIT_CD_Ca,CodedValue,AZG01000,SAFFORD FIELD OFFICE
DOM_ADM_UNIT_CD_Ca,CodedValue,AZG01100,GILA BOX RIPARIAN NCA
DOM_ADM_UNIT_CD_Ca,CodedValue,AZG02000,TUCSON FIELD OFFICE
DOM_ADM_UNIT_CD_Ca,CodedValue,AZG02100,LAS CIENEGAS NCA
DOM_ADM_UNIT_CD_Ca,CodedValue,AZG02200,SAN PEDRO RIPARIAN NCA
DOM_ADM_UNIT_CD_Ca,CodedValue,AZG03000,IRONWOOD FOREST NATIONAL MONUMENT
DOM_ADM_UNIT_CD_Ca,CodedValue,AZP00000,PHOENIX DISTRICT OFFICE
DOM_ADM_UNIT_CD_Ca,CodedValue,AZP01000,HASSAYAMPA FIELD OFFICE
DOM_ADM_UNIT_CD_Ca,CodedValue,AZP02000,LOWER SONORAN FIELD OFFICE
DOM_ADM_UNIT_CD_Ca,CodedValue,AZP03000,AGUA FRIA NATIONAL MONUMENT
DOM_ADM_UNIT_CD_Ca,CodedValue,AZP04000,SONORAN DESERT NATIONAL MONUMENT
DOM_ADM_UNIT_CD_Ca,CodedValue,CA000000,"CALIFORNIA, BUREAU OF LAND MANAGEMENT"
DOM_ADM_UNIT_CD_Ca,CodedValue,CA900000,CALIFORNIA STATE OFFICE
DOM_ADM_UNIT_CD_Ca,CodedValue,CA939000,CA COASTAL NATIONAL MONUMENT
DOM_ADM_UNIT_CD_Ca,CodedValue,CAC00000,CENTRAL CALIFORNIA DISTRICT
DOM_ADM_UNIT_CD_Ca,CodedValue,CAC01000,CENTRAL CALIFORNIA DISTRICT OFFICE
DOM_ADM_UNIT_CD_Ca,CodedValue,CAC05000,UKIAH FIELD OFFICE
DOM_ADM_UNIT_CD_Ca,CodedValue,CAC06000,BAKERSFIELD FIELD OFFICE
DOM_ADM_UNIT_CD_Ca,CodedValue,CAC06800,PIEDRAS BLANCAS LIGHT STATION ONA
DOM_ADM_UNIT_CD_Ca,CodedValue,CAC06900,CARRIZO PLAIN NATIONAL MONUMENT
DOM_ADM_UNIT_CD_Ca,CodedValue,CAC07000,BISHOP FIELD OFFICE
DOM_ADM_UNIT_CD_Ca,CodedValue,CAC08000,MOTHER LODE FIELD OFFICE
DOM_ADM_UNIT_CD_Ca,CodedValue,CAC09000,CENTRAL COAST FIELD OFFICE
DOM_ADM_UNIT_CD_Ca,CodedValue,CAD00000,CALIFORNIA DESERT DISTRICT
DOM_ADM_UNIT_CD_Ca,CodedValue,CAD01000,CALIFORNIA DESERT DISTRICT OFFICE
DOM_ADM_UNIT_CD_Ca,CodedValue,CAD05000,RIDGECREST FIELD OFFICE
DOM_ADM_UNIT_CD_Ca,CodedValue,CAD06000,PALM SPRINGS/S COAST FLD OFC
DOM_ADM_UNIT_CD_Ca,CodedValue,CAD06800,SANTA ROSA NATL MONUMENT
DOM_ADM_UNIT_CD_Ca,CodedValue,CAD07000,EL CENTRO FIELD OFFICE
DOM_ADM_UNIT_CD_Ca,CodedValue,CAD08000,BARSTOW FIELD OFFICE
DOM_ADM_UNIT_CD_Ca,CodedValue,CAD09000,NEEDLES FIELD OFFICE
DOM_ADM_UNIT_CD_Ca,CodedValue,CAN00000,NORTHERN CALIFORNIA DISTRICT
DOM_ADM_UNIT_CD_Ca,CodedValue,CAN01000,NORTHERN CALIFORNIA DISTRICT OFFICE
DOM_ADM_UNIT_CD_Ca,CodedValue,CAN02000,APPLEGATE FIELD OFFICE
DOM_ADM_UNIT_CD_Ca,CodedValue,CAN03000,ARCATA FIELD OFFICE
DOM_ADM_UNIT_CD_Ca,CodedValue,CAN03800,KING RANGE NATIONAL CONSERVATION AR
DOM_ADM_UNIT_CD_Ca,CodedValue,CAN03900,HEADWATERS FOREST PRESERVE
DOM_ADM_UNIT_CD_Ca,CodedValue,CAN05000,EAGLE LAKE FIELD OFFICE
DOM_ADM_UNIT_CD_Ca,CodedValue,CAN06000,REDDING FIELD OFFICE
DOM_ADM_UNIT_CD_Ca,CodedValue,NV000000,"NEVADA STATE OFC, BUR OF LAND MGMT"
DOM_ADM_UNIT_CD_Ca,CodedValue,NVB00000,BATTLE MOUNTAIN DISTRICT OFFICE
DOM_ADM_UNIT_CD_Ca,CodedValue,NVB01000,MOUNT LEWIS FIELD OFFICE
DOM_ADM_UNIT_CD_Ca,CodedValue,NVB02000,TONOPAH FIELD OFFICE
DOM_ADM_UNIT_CD_Ca,CodedValue,NVB02500,TONOPAH FIELD STATION
DOM_ADM_UNIT_CD_Ca,CodedValue,NVB06000,BATTLE MOUNTAIN FIELD OFFICE
DOM_ADM_UNIT_CD_Ca,CodedValue,NVC00000,CARSON CITY DISTRICT OFFICE
DOM_ADM_UNIT_CD_Ca,CodedValue,NVC01000,STILLWATER FIELD OFFICE
DOM_ADM_UNIT_CD_Ca,CodedValue,NVC02000,SIERRA FRONT FIELD OFFICE
DOM_ADM_UNIT_CD_Ca,CodedValue,NVC03000,CARSON CITY FIELD OFFICE
DOM_ADM_UNIT_CD_Ca,CodedValue,NVE00000,ELKO DISTRICT OFFICE
DOM_ADM_UNIT_CD_Ca,CodedValue,NVE00160,DIV OF CALIF NATL HIST TRAIL INTERPRT
DOM_ADM_UNIT_CD_Ca,CodedValue,NVE01000,ELKO FIELD OFFICE
DOM_ADM_UNIT_CD_Ca,CodedValue,NVE02000,TUSCARORA FIELD OFFICE
DOM_ADM_UNIT_CD_Ca,CodedValue,NVE03000,WELLS FIELD OFFICE
DOM_ADM_UNIT_CD_Ca,CodedValue,NVL00000,ELY DISTRICT OFFICE
DOM_ADM_UNIT_CD_Ca,CodedValue,NVL01000,EGAN FIELD OFFICE
DOM_ADM_UNIT_CD_Ca,CodedValue,NVL02000,SCHELL FIELD OFFICE
DOM_ADM_UNIT_CD_Ca,CodedValue,NVL03000,CALIENTE FIELD OFFICE
DOM_ADM_UNIT_CD_Ca,CodedValue,NVL03500,CALIENTE FIELD STATION
DOM_ADM_UNIT_CD_Ca,CodedValue,NVL04000,ELY FIELD OFFICE
DOM_ADM_UNIT_CD_Ca,CodedValue,NVS00000,SOUTHERN NEVADA DISTRICT OFFICE
DOM_ADM_UNIT_CD_Ca,CodedValue,NVS01000,LAS VEGAS FIELD OFFICE
DOM_ADM_UNIT_CD_Ca,CodedValue,NVS02000,RED ROCK/SLOAN CANYON NCA FIELD OFFIC
DOM_ADM_UNIT_CD_Ca,CodedValue,NVS03000,PAHRUMP FIELD OFFICE
DOM_ADM_UNIT_CD_Ca,CodedValue,NVW00000,WINNEMUCCA DISTRICT OFFICE
DOM_ADM_UNIT_CD_Ca,CodedValue,NVW01000,HUMBOLDT RIVER FIELD OFFICE
DOM_ADM_UNIT_CD_Ca,CodedValue,NVW03000,BLACK ROCK FIELD OFFICE
DOM_ADM_UNIT_CD_Ca,CodedValue,NVW03500,BLACK ROCK - HIGH ROCK NCA
DOM_ADM_UNIT_CD_Ca,CodedValue,OC000000,NATIONAL OPERATIONS CTR
DOM_ADM_UNIT_CD_Ca,CodedValue,OR000000,OREGON STATE OFFICE
DOM_ADM_UNIT_CD_Ca,CodedValue,ORB00000,BURNS DISTRICT OFFICE
DOM_ADM_UNIT_CD_Ca,CodedValue,ORB05000,BURNS THREE RIVERS FIELD OFFICE
DOM_ADM_UNIT_CD_Ca,CodedValue,ORB06000,BURNS ANDREWS FIELD OFFICE
DOM_ADM_UNIT_CD_Ca,CodedValue,ORB07000,BURNS STEENS MOUNTAIN CMPA
DOM_ADM_UNIT_CD_Ca,CodedValue,ORC00000,COOS BAY DISTRICT OFFICE
DOM_ADM_UNIT_CD_Ca,CodedValue,ORC03000,COOS BAY UMPQUA FIELD OFFICE
DOM_ADM_UNIT_CD_Ca,CodedValue,ORC04000,COOS BAY MYRTLEWOOD FIELD OFFICE
DOM_ADM_UNIT_CD_Ca,CodedValue,ORE00000,EUGENE DISTRICT OFFICE
DOM_ADM_UNIT_CD_Ca,CodedValue,ORE05000,EUGENE DISTRICT SIUSLAW FIELD OFFICE
DOM_ADM_UNIT_CD_Ca,CodedValue,ORE06000,EUGENE DIST UPPER WILLAMTTE FIELD OFF
DOM_ADM_UNIT_CD_Ca,CodedValue,ORL00000,LAKEVIEW DISTRICT OFFICE
DOM_ADM_UNIT_CD_Ca,CodedValue,ORL04000,LAKEVIEW KLAMATH FALLS FIELD OFFICE
DOM_ADM_UNIT_CD_Ca,CodedValue,ORL05000,LAKEVIEW DISTRICT LAKEVIEW FIELD OFFI
DOM_ADM_UNIT_CD_Ca,CodedValue,ORM00000,MEDFORD DISTRICT OFFICE
DOM_ADM_UNIT_CD_Ca,CodedValue,ORM04000,MEDFORD CASCADE SISKIYOU NTL MNMNT
DOM_ADM_UNIT_CD_Ca,CodedValue,ORM05000,MEDFORD BUTTE FALLS FIELD OFFICE
DOM_ADM_UNIT_CD_Ca,CodedValue,ORM06000,MEDFORD ASHLAND FIELD OFFICE
DOM_ADM_UNIT_CD_Ca,CodedValue,ORM07000,MEDFORD GRANTS PASS FIELD OFFICE
DOM_ADM_UNIT_CD_Ca,CodedValue,ORM08000,MEDFORD GLENDALE FIELD OFFICE
DOM_ADM_UNIT_CD_Ca,CodedValue,ORP00000,PRINEVILLE DISTRICT OFFICE
DOM_ADM_UNIT_CD_Ca,CodedValue,ORP04000,PRINEVILLE CENTRAL OREGON FIELD OFFIC
DOM_ADM_UNIT_CD_Ca,CodedValue,ORP06000,PRINEVILLE DESCHUTES FIELD OFFICE
DOM_ADM_UNIT_CD_Ca,CodedValue,ORR00000,ROSEBURG DISTRICT OFFICE
DOM_ADM_UNIT_CD_Ca,CodedValue,ORR04000,ROSEBURG DISTRICT SWIFTWATER FO
DOM_ADM_UNIT_CD_Ca,CodedValue,ORR05000,ROSEBURG DISTRICT SOUTH RIVER FO
DOM_ADM_UNIT_CD_Ca,CodedValue,ORS00000,SALEM DISTRICT OFFICE
DOM_ADM_UNIT_CD_Ca,CodedValue,ORS04000,SALEM CASCADES FIELD OFFICE
DOM_ADM_UNIT_CD_Ca,CodedValue,ORS05000,SALEM MARYS PEAK FIELD OFFICE
DOM_ADM_UNIT_CD_Ca,CodedValue,ORS06000,SALEM TILLAMOOK FIELD OFFICE
DOM_ADM_UNIT_CD_Ca,CodedValue,ORS07000,SALEM YAQUINA HEAD ONA
DOM_ADM_UNIT_CD_Ca,CodedValue,ORV00000,VALE DISTRICT OFFICE
DOM_ADM_UNIT_CD_Ca,CodedValue,ORV04000,VALE MALHEUR FIELD OFFICE
DOM_ADM_UNIT_CD_Ca,CodedValue,ORV05000,VALE BAKER FIELD OFFICE
DOM_ADM_UNIT_CD_Ca,CodedValue,ORV06000,VALE JORDAN FIELD OFFICE
DOM_ADM_UNIT_CD_Ca,CodedValue,ORV08000,VALE NTL HIST OR TRAIL
DOM_ADM_UNIT_CD_Ca,CodedValue,ORW00000,SPOKANE DISTRICT OFFICE
DOM_ADM_UNIT_CD_Ca,CodedValue,ORW02000,SPOKANE WENATCHEE FIELD OFFICE
DOM_ADM_UNIT_CD_Ca,CodedValue,ORW03000,SPOKANE BORDER FIELD OFFICE
DOM_ADM_UNIT_CD_Ca,CodedValue,XX000000,UNKNOWN
DOM_BLM_ORG_TYPE,CodedValue,District,Administrative District
DOM_BLM_ORG_TYPE,CodedValue,Field,Administrative Field Office
DOM_BLM_ORG_TYPE,CodedValue,Other,"Field Stations, Monuments, and Other Administrative Types"
DOM_BLM_ORG_TYPE,CodedValue,State,Administrative State
DOM_COORD_SOURCE_TYPE,CodedValue,GCD,Lines Snapped to Geographic Coordinate Database
DOM_COORD_SOURCE_TYPE,CodedValue,GIS,BLM GIS Layer
DOM_COORD_SOURCE_TYPE,CodedValue,GISO,GIS Other
DOM_COORD_SOURCE_TYPE,CodedValue,GPS,Lines Obtained from a GPS Device
DOM_COORD_SOURCE_TYPE,CodedValue,IMG,DOQ or other imagery backdrops
DOM_COORD_SOURCE_TYPE,CodedValue,LLD,Legal Land Description
DOM_COORD_SOURCE_TYPE,CodedValue,MAP,Manuscript Lines
DOM_COORD_SOURCE_TYPE,CodedValue,NHD,USGS National Hydrologic Dataset
DOM_COORD_SOURCE_TYPE,CodedValue,OTH,Other
DOM_COORD_SOURCE_TYPE,CodedValue,SRV,Survey
DOM_COORD_SOURCE_TYPE,CodedValue,TRS,"Township, Range, Section"
DOM_COORD_SOURCE_TYPE,CodedValue,UNK,Unknown
DOM_COORD_SOURCE_TYPE,CodedValue,WBD,Watershed Boundary Dataset
DOM_COORD_SOURCE_TYPE_1,CodedValue,GCD,Lines Snapped to Geographic Coordinate Database
DOM_COORD_SOURCE_TYPE_1,CodedValue,GIS,BLM GIS Layer
DOM_COORD_SOURCE_TYPE_1,CodedValue,GISO,GIS Other
DOM_COORD_SOURCE_TYPE_1,CodedValue,GPS,Lines Obtained from a GPS Device
DOM_COORD_SOURCE_TYPE_1,CodedValue,IMG,DOQ or other imagery backdrops
DOM_COORD_SOURCE_TYPE_1,CodedValue,LLD,Legal Land Description
DOM_COORD_SOURCE_TYPE_1,CodedValue,MAP,Manuscript Lines
DOM_COORD_SOURCE_TYPE_1,CodedValue,NHD,USGS National Hydrologic Dataset
DOM_COORD_SOURCE_TYPE_1,CodedValue,OTH,Other
DOM_COORD_SOURCE_TYPE_1,CodedValue,SRV,Survey
DOM_COORD_SOURCE_TYPE_1,CodedValue,TRS,"Township, Range, Section"
DOM_COORD_SOURCE_TYPE_1,CodedValue,UNK,Unknown
DOM_COORD_SOURCE_TYPE_1,CodedValue,WBD,Watershed Boundary Dataset
DOM_DEF_FEATURE_TYPE,CodedValue,ADMIN_BND,Administrative Boundary
DOM_DEF_FEATURE_TYPE,CodedValue,CONST_FEAT,Constructed Feature
DOM_DEF_FEATURE_TYPE,CodedValue,FAUNA,Fauna
DOM_DEF_FEATURE_TYPE,CodedValue,FLORA,Flora
DOM_DEF_FEATURE_TYPE,CodedValue,LANDFORM,All Landforms
DOM_DEF_FEATURE_TYPE,CodedValue,OTH,Other
DOM_DEF_FEATURE_TYPE,CodedValue,PLSS,PLSS
DOM_DEF_FEATURE_TYPE,CodedValue,UNK,Unknown
DOM_DEF_FEATURE_TYPE_1,CodedValue,ADMIN_BND,Administrative Boundary
DOM_DEF_FEATURE_TYPE_1,CodedValue,CONST_FEAT,Constructed Feature
DOM_DEF_FEATURE_TYPE_1,CodedValue,FAUNA,Fauna
DOM_DEF_FEATURE_TYPE_1,CodedValue,FLORA,Flora
DOM_DEF_FEATURE_TYPE_1,CodedValue,LANDFORM,All Landforms
DOM_DEF_FEATURE_TYPE_1,CodedValue,OTH,Other
DOM_DEF_FEATURE_TYPE_1,CodedValue,PLSS,PLSS
DOM_DEF_FEATURE_TYPE_1,CodedValue,UNK,Unknown
DOM_FCNG_DRCTN,CodedValue,East,East
DOM_FCNG_DRCTN,CodedValue,North,North
DOM_FCNG_DRCTN,CodedValue,Northeast,Northeast
DOM_FCNG_DRCTN,CodedValue,Northwest,Northwest
DOM_FCNG_DRCTN,CodedValue,South,South
DOM_FCNG_DRCTN,CodedValue,Southeast,Southeast
DOM_FCNG_DRCTN,CodedValue,Southwest,Southwest
DOM_FCNG_DRCTN,CodedValue,Unknown,Unknown
DOM_FCNG_DRCTN,CodedValue,West,West
DOM_LUP_TYPE,CodedValue,MFP,Management Framework Plan
DOM_LUP_TYPE,CodedValue,MSG,Missing Data
DOM_LUP_TYPE,CodedValue,RMP,Resource Management Plan
DOM_NHT_CND_CTGY,CodedValue,NA,Not Applicable (For Scenic Trails)
DOM_NHT_CND_CTGY,CodedValue,NHT I,"NHT I:  Location Verified, Evident and Unaltered"
DOM_NHT_CND_CTGY,CodedValue,NHT II,NHT II:  Location Verified and Evident with Minor Alteration
DOM_NHT_CND_CTGY,CodedValue,NHT III,NHT III:  Location Verified with Little Remaining Evidence
DOM_NHT_CND_CTGY,CodedValue,NHT IV,NHT IV:  Location Verified and Permanently Altered
DOM_NHT_CND_CTGY,CodedValue,NHT V,NHT V:  Location Approximate or Not Verified
DOM_NHT_CND_CTGY,CodedValue,NHT VI,NHT VI:  Location Verified with Historic Reconstruction
DOM_NHT_CND_CTGY,CodedValue,Not Determined,Not Determined due to not yet being evaluated or for other reasons
DOM_SMA_ID,CodedValue,1,UND
DOM_SMA_ID,CodedValue,1535,FWS
DOM_SMA_ID,CodedValue,2,BLM
DOM_SMA_ID,CodedValue,2012,NPS
DOM_SMA_ID,CodedValue,2365,DOD
DOM_SMA_ID,CodedValue,2366,USBR
DOM_SMA_ID,CodedValue,2367,USACE
DOM_SMA_ID,CodedValue,2370,USMC
DOM_SMA_ID,CodedValue,2371,NAVY
DOM_SMA_ID,CodedValue,2378,OTHFE
DOM_SMA_ID,CodedValue,2386,ST
DOM_SMA_ID,CodedValue,2387,LG
DOM_SMA_ID,CodedValue,2388,PVT
DOM_SMA_ID,CodedValue,3,BIA
DOM_SMA_ID,CodedValue,305,USAF
DOM_SMA_ID,CodedValue,488,ARMY
DOM_SMA_ID,CodedValue,4896,USCG
DOM_SMA_ID,CodedValue,914,USDA
DOM_SMA_ID,CodedValue,915,USFS
DOM_TRAIL_TYPE,CodedValue,Historic,Historic
DOM_TRAIL_TYPE,CodedValue,Scenic,Scenic
DOM_TRTMNT_BIO_SUBTYPE,CodedValue,CLASSICAL,CLASSICAL
DOM_TRTMNT_BIO_SUBTYPE,CodedValue,NON-CLASSICAL,NON-CLASSICAL
DOM_TRTMNT_CHEM_SUBTYPE,CodedValue,FERTILIZER,FERTILIZER
DOM_TRTMNT_CHEM_SUBTYPE,CodedValue,PESTICIDE,PESTICIDE
DOM_TRTMNT_FIRE_SUBTYPE,CodedValue,NONE,NONE
DOM_TRTMNT_PHY_SUBTYPE,CodedValue,OTHER,OTHER
DOM_TRTMNT_PHY_SUBTYPE,CodedValue,PLANT,PLANT
DOM_TRTMNT_PHY_SUBTYPE,CodedValue,REMOVE,REMOVE
DOM_YES_NO,CodedValue,NO,No - Negative or Not Present
DOM_YES_NO,CodedValue,UNK,Unknown
DOM_YES_NO,CodedValue,YES,Yes - Affirmative or Present
DOM_YES_NO_ONLY,CodedValue,NO,No - Negative or Not Present
DOM_YES_NO_ONLY,CodedValue,YES,Yes - Affirmative or Present
DOM_YES_NO_UNDTRMND,CodedValue,No,No
DOM_YES_NO_UNDTRMND,CodedValue,Undetermined,Undetermined
DOM_YES_NO_UNDTRMND,CodedValue,Yes,Yes
Dom_Coord_Source_Type,CodedValue,CFF,Cartographic Feature Files
Dom_Coord_Source_Type,CodedValue,DEM,Digital Elevation Model
Dom_Coord_Source_Type,CodedValue,DLG,Digital Line Graph
Dom_Coord_Source_Type,CodedValue,DRG,Digital Raster Graphics
Dom_Coord_Source_Type,CodedValue,GCD,Lines Snapped to Geographic Coordinate Database
Dom_Coord_Source_Type,CodedValue,GIS,BLM GIS Layer
Dom_Coord_Source_Type,CodedValue,GPS,Lines Obtained from a GPS Device
Dom_Coord_Source_Type,CodedValue,IMG,DOQ or other imagery backdrops
Dom_Coord_Source_Type,CodedValue,LLD,Legal Land Description
Dom_Coord_Source_Type,CodedValue,MAP,Manuscript Lines
Dom_Coord_Source_Type,CodedValue,NHD,USGS National Hydrologic Dataset
Dom_Coord_Source_Type,CodedValue,OTH,Other
Dom_Coord_Source_Type,CodedValue,SRV,Survey
Dom_Coord_Source_Type,CodedValue,TRS,"Township, Range, Section"
Dom_Coord_Source_Type,CodedValue,UNK,Unknown
Dom_Coord_Source_Type,CodedValue,WBD,Watershed Boundary Dataset
Dom_Coord_Src2_Ca,CodedValue,100kDLG,100kDLG
Dom_Coord_Src2_Ca,CodedValue,1mDOQ,1mDOQ
Dom_Coord_Src2_Ca,CodedValue,1mDOQQcir,1mDOQQcir
Dom_Coord_Src2_Ca,CodedValue,1mDOQQpan,1mDOQQpan
Dom_Coord_Src2_Ca,CodedValue,24kDLG,24kDLG
Dom_Coord_Src2_Ca,CodedValue,24kDRG,24kDRG
Dom_Coord_Src2_Ca,CodedValue,Constructed,Constructed
Dom_Coord_Src2_Ca,CodedValue,DEM,DEM
Dom_Coord_Src2_Ca,CodedValue,Estimate,Estimate
Dom_Coord_Src2_Ca,CodedValue,GCDB,GCDB
Dom_Coord_Src2_Ca,CodedValue,GPSN,GPS
Dom_Coord_Src2_Ca,CodedValue,GPSR,GPSR
Dom_Coord_Src2_Ca,CodedValue,GPSS,GPSS
Dom_Coord_Src2_Ca,CodedValue,LIDAR,LIDAR
Dom_Coord_Src2_Ca,CodedValue,Map,Map
Dom_Coord_Src2_Ca,CodedValue,NHD,NHD
Dom_Coord_Src2_Ca,CodedValue,Other,Other
Dom_Coord_Src2_Ca,CodedValue,SubmDOQ,SubmDOQ
Dom_Coord_Src2_Ca,CodedValue,Survey,Survey
Dom_Coord_Src2_Ca,CodedValue,Unknown,Unknown
Dom_Coord_Src2_ca,CodedValue,100kDLG,100kDLG
Dom_Coord_Src2_ca,CodedValue,1mDOQ,1mDOQ
Dom_Coord_Src2_ca,CodedValue,1mDOQQcir,1mDOQQcir
Dom_Coord_Src2_ca,CodedValue,1mDOQQpan,1mDOQQpan
Dom_Coord_Src2_ca,CodedValue,24kDLG,24kDLG
Dom_Coord_Src2_ca,CodedValue,24kDRG,24kDRG
Dom_Coord_Src2_ca,CodedValue,Constructed,Constructed
Dom_Coord_Src2_ca,CodedValue,DEM,DEM
Dom_Coord_Src2_ca,CodedValue,Estimate,Estimate
Dom_Coord_Src2_ca,CodedValue,GCDB,GCDB
Dom_Coord_Src2_ca,CodedValue,GPSN,GPS
Dom_Coord_Src2_ca,CodedValue,GPSR,GPSR
Dom_Coord_Src2_ca,CodedValue,GPSS,GPSS
Dom_Coord_Src2_ca,CodedValue,LIDAR,LIDAR
Dom_Coord_Src2_ca,CodedValue,Map,Map
Dom_Coord_Src2_ca,CodedValue,NHD,NHD
Dom_Coord_Src2_ca,CodedValue,Other,Other
Dom_Coord_Src2_ca,CodedValue,SubmDOQ,SubmDOQ
Dom_Coord_Src2_ca,CodedValue,Survey,Survey
Dom_Coord_Src2_ca,CodedValue,Unknown,Unknown
Dom_Def_Fet2_Ca,CodedValue,AdminBoundary,AdminBoundary
Dom_Def_Fet2_Ca,CodedValue,Closure,Closure
Dom_Def_Fet2_Ca,CodedValue,Easement_ROW,Easement_ROW
Dom_Def_Fet2_Ca,CodedValue,FacilityBoundary,FacilityBoundary
Dom_Def_Fet2_Ca,CodedValue,GTLF,GTLF
Dom_Def_Fet2_Ca,CodedValue,Landform,Landform
Dom_Def_Fet2_Ca,CodedValue,OtherConstFeature,OtherConstFeature
Dom_Def_Fet2_Ca,CodedValue,OtherUtility,OtherUtility
Dom_Def_Fet2_Ca,CodedValue,PLSS,PLSS
Dom_Def_Fet2_Ca,CodedValue,PntToPnt,PntToPnt
Dom_Def_Fet2_Ca,CodedValue,RR,RR
Dom_Def_Fet2_Ca,CodedValue,TransmissionLine,TransmissionLine
Dom_Def_Fet2_Ca,CodedValue,Unknown,Unknown
Dom_Entity_Ca,CodedValue,BIA,BIA
Dom_Entity_Ca,CodedValue,BLM,BLM
Dom_Entity_Ca,CodedValue,BOR,BOR
Dom_Entity_Ca,CodedValue,County,County
Dom_Entity_Ca,CodedValue,FS,FS
Dom_Entity_Ca,CodedValue,FWS,FWS
Dom_Entity_Ca,CodedValue,IntstHwy,IntstHwy
Dom_Entity_Ca,CodedValue,Military,Military
Dom_Entity_Ca,CodedValue,Muni,Muni
Dom_Entity_Ca,CodedValue,NPS,NPS
Dom_Entity_Ca,CodedValue,OtherFed,OtherFed
Dom_Entity_Ca,CodedValue,Pvt,Pvt
Dom_Entity_Ca,CodedValue,StHwyAR,StHwyAR
Dom_Entity_Ca,CodedValue,StHwyCA,StHwyCA
Dom_Entity_Ca,CodedValue,StHwyNV,StHwyNV
Dom_Entity_Ca,CodedValue,StHwyOR,StHwyOR
Dom_Entity_Ca,CodedValue,StOther,StOther
Dom_Entity_Ca,CodedValue,USHwy,USHwy
Dom_Entity_Ca,CodedValue,Unknown,Unknown
Dom_Gra_Status_Ca,CodedValue,allotted,Allotted
Dom_Gra_Status_Ca,CodedValue,unavailable,Unavailable
Dom_Gra_Status_Ca,CodedValue,vacant,Vacant
Dom_Issues_Ca,CodedValue,Indeterminate,Indeterminate
Dom_Issues_Ca,CodedValue,None,None
Dom_LegalBuffOffset_Ft_Ca,CodedValue,0,0
Dom_LegalBuffOffset_Ft_Ca,CodedValue,100,100
Dom_LegalBuffOffset_Ft_Ca,CodedValue,1000,1000
Dom_LegalBuffOffset_Ft_Ca,CodedValue,12,12
Dom_LegalBuffOffset_Ft_Ca,CodedValue,200,200
Dom_LegalBuffOffset_Ft_Ca,CodedValue,25,25
Dom_LegalBuffOffset_Ft_Ca,CodedValue,2640,2640
Dom_LegalBuffOffset_Ft_Ca,CodedValue,30,30
Dom_LegalBuffOffset_Ft_Ca,CodedValue,300,300
Dom_LegalBuffOffset_Ft_Ca,CodedValue,50,50
Dom_LegalBuffOffset_Ft_Ca,CodedValue,5280,5280
Dom_LegalBuffOffset_Ft_Ca,CodedValue,7920,7920
Dom_MngAgcy_Ca,CodedValue,1,DOD
Dom_MngAgcy_Ca,CodedValue,2,BOR
Dom_MngAgcy_Ca,CodedValue,3,BIA
Dom_MngAgcy_Ca,CodedValue,4,FWS
Dom_MngAgcy_Ca,CodedValue,5,NPS
Dom_MngAgcy_Ca,CodedValue,6,BLM
Dom_MngAgcy_Ca,CodedValue,7,DOE
Dom_MngAgcy_Ca,CodedValue,8,USFS
Dom_Origin_Source_Ca,CodedValue,BLM_AL,BLM_AL
Dom_Origin_Source_Ca,CodedValue,BLM_AP,BLM_AP
Dom_Origin_Source_Ca,CodedValue,BLM_AR,BLM_AR
Dom_Origin_Source_Ca,CodedValue,BLM_BA,BLM_BA
Dom_Origin_Source_Ca,CodedValue,BLM_BI,BLM_BI
Dom_Origin_Source_Ca,CodedValue,BLM_BK,BLM_BK
Dom_Origin_Source_Ca,CodedValue,BLM_CD,BLM_CD
Dom_Origin_Source_Ca,CodedValue,BLM_CH2MHIL,BLM_CH2MHIL
Dom_Origin_Source_Ca,CodedValue,BLM_EC,BLM_EC
Dom_Origin_Source_Ca,CodedValue,BLM_EL,BLM_EL
Dom_Origin_Source_Ca,CodedValue,BLM_FAMS,BLM_FAMS
Dom_Origin_Source_Ca,CodedValue,BLM_FO,BLM_FO
Dom_Origin_Source_Ca,CodedValue,BLM_HO,BLM_HO
Dom_Origin_Source_Ca,CodedValue,BLM_KR,BLM_KR
Dom_Origin_Source_Ca,CodedValue,BLM_MO,BLM_MO
Dom_Origin_Source_Ca,CodedValue,BLM_NE,BLM_NE
Dom_Origin_Source_Ca,CodedValue,BLM_OHV,BLM_OHV
Dom_Origin_Source_Ca,CodedValue,BLM_PS,BLM_PS
Dom_Origin_Source_Ca,CodedValue,BLM_RE,BLM_RE
Dom_Origin_Source_Ca,CodedValue,BLM_RI,BLM_RI
Dom_Origin_Source_Ca,CodedValue,BLM_SO,BLM_SO
Dom_Origin_Source_Ca,CodedValue,BLM_SON,BLM_SON
Dom_Origin_Source_Ca,CodedValue,BLM_SR,BLM_SR
Dom_Origin_Source_Ca,CodedValue,BLM_UK,BLM_UK
Dom_Origin_Source_Ca,CodedValue,BLM_YUMA,BLM_YUMA
Dom_Origin_Source_Ca,CodedValue,CALT,CALT
Dom_Origin_Source_Ca,CodedValue,FS,FS
Dom_Origin_Source_Ca,CodedValue,NHD,NHD
Dom_Origin_Source_Ca,CodedValue,NPS,NPS
Dom_Origin_Source_Ca,CodedValue,USGS,USGS
Dom_Origin_Source_Ca,CodedValue,Unknown,Unknown
Dom_Yes_No_Ca,CodedValue,NO,No
Dom_Yes_No_Ca,CodedValue,UNK,Unknown
Dom_Yes_No_Ca,CodedValue,YES,Yes
FMPA_DOM_FMP_STATUS,CodedValue,Current,Current
FMPA_DOM_FMP_STATUS,CodedValue,Historical,Historical
FPER_DOM_AGENCY,CodedValue,AG,Air Guard
FPER_DOM_AGENCY,CodedValue,BIA,Bureau of Indian Affairs
FPER_DOM_AGENCY,CodedValue,BLM,Bureau of Land Management
FPER_DOM_AGENCY,CodedValue,BOR,Bureau of Reclamation
FPER_DOM_AGENCY,CodedValue,C&L,County & Local
FPER_DOM_AGENCY,CodedValue,CDF,California Department of Forestry & Fire Protection
FPER_DOM_AGENCY,CodedValue,DC,Department of Corrections
FPER_DOM_AGENCY,CodedValue,DFE,Division of Forest Environment
FPER_DOM_AGENCY,CodedValue,DFF,Division of Forestry Fire & State Lands
FPER_DOM_AGENCY,CodedValue,DFL,Division of Forests and Land
FPER_DOM_AGENCY,CodedValue,DFR,Division of Forest Resources
FPER_DOM_AGENCY,CodedValue,DL,Department of Lands
FPER_DOM_AGENCY,CodedValue,DMA,Department of Military Affairs
FPER_DOM_AGENCY,CodedValue,DNR,Department of Natural Resources
FPER_DOM_AGENCY,CodedValue,DNRC,Department of Natural Resources and Conservation
FPER_DOM_AGENCY,CodedValue,DNRF,Department of Natural Resources Forest Service
FPER_DOM_AGENCY,CodedValue,DOA,Department of Agriculture
FPER_DOM_AGENCY,CodedValue,DOC,Department of Conservation
FPER_DOM_AGENCY,CodedValue,DOD,Department of Defense
FPER_DOM_AGENCY,CodedValue,DOE,Department of Energy
FPER_DOM_AGENCY,CodedValue,DOF,Department of Forestry
FPER_DOM_AGENCY,CodedValue,DVF,Division of Forestry
FPER_DOM_AGENCY,CodedValue,FAA,Federal Aviation Administration
FPER_DOM_AGENCY,CodedValue,FC,Forestry Commission
FPER_DOM_AGENCY,CodedValue,FEMA,Federal Emergency Management Agency
FPER_DOM_AGENCY,CodedValue,FFC,Bureau of Forest Fire Control
FPER_DOM_AGENCY,CodedValue,FFP,Forest Fire Protection
FPER_DOM_AGENCY,CodedValue,FFS,Forest Fire Service
FPER_DOM_AGENCY,CodedValue,FR,Forest Rangers
FPER_DOM_AGENCY,CodedValue,FS,Forest Service
FPER_DOM_AGENCY,CodedValue,FWS,Fish & Wildlife Service
FPER_DOM_AGENCY,CodedValue,HQ,Headquarters
FPER_DOM_AGENCY,CodedValue,NASA,National Aeronautics and Space Administration
FPER_DOM_AGENCY,CodedValue,NBC,National Business Center
FPER_DOM_AGENCY,CodedValue,NG,National Guard
FPER_DOM_AGENCY,CodedValue,NPS,National Park Service
FPER_DOM_AGENCY,CodedValue,NSA,National Nuclear Security Administration
FPER_DOM_AGENCY,CodedValue,NWS,National Weather Service
FPER_DOM_AGENCY,CodedValue,OES,Office of Emergency Services
FPER_DOM_AGENCY,CodedValue,OF,Office of Forestry
FPER_DOM_AGENCY,CodedValue,SF,State Forestry
FPER_DOM_AGENCY,CodedValue,SFS,State Forest Service
FPER_DOM_AGENCY,CodedValue,SP,State Parks
FPER_DOM_AGENCY,CodedValue,TVA,Tennesse Valley Authority
FPER_DOM_AGENCY,CodedValue,USA,United States Army
FPER_DOM_AGENCY,CodedValue,USACE,United States Army Corps of Engineers
FPER_DOM_AGENCY,CodedValue,USAF,United States Air Force
FPER_DOM_AGENCY,CodedValue,USCG,United States Coast Guard
FPER_DOM_AGENCY,CodedValue,USGS,Geological Survey
FPER_DOM_AGENCY,CodedValue,USN,United States Navy
FPER_DOM_CAUSE_CAT,CodedValue,Human,Human
FPER_DOM_CAUSE_CAT,CodedValue,Natural,Natural
FPER_DOM_CAUSE_CAT,CodedValue,Unknown,Unknown
FPER_DOM_CLCTN_MTHD,CodedValue,Digitized-Other,Digitized-Other
FPER_DOM_CLCTN_MTHD,CodedValue,Digitized-Topo,Digitized-Topo
FPER_DOM_CLCTN_MTHD,CodedValue,GPS-Driven,GPS-Driven
FPER_DOM_CLCTN_MTHD,CodedValue,GPS-Flight,GPS-Flight
FPER_DOM_CLCTN_MTHD,CodedValue,GPS-Unknown,GPS-Unknown
FPER_DOM_CLCTN_MTHD,CodedValue,GPS-Walked,GPS-Walked
FPER_DOM_CLCTN_MTHD,CodedValue,GPS-Walked/Driven,GPS-Walked/Driven
FPER_DOM_CLCTN_MTHD,CodedValue,Hand Sketch,Hand Sketch
FPER_DOM_CLCTN_MTHD,CodedValue,Image Interpretation,Image Interpretation
FPER_DOM_CLCTN_MTHD,CodedValue,Infrared Image,Infrared Image
FPER_DOM_CLCTN_MTHD,CodedValue,Mixed Methods,Mixed Methods
FPER_DOM_CLCTN_MTHD,CodedValue,Other,Other
FPER_DOM_CLCTN_MTHD,CodedValue,Remote Sensing Derived,Remote Sensing Derived
FPER_DOM_CLCTN_MTHD,CodedValue,Survey/GCDB/Cadastral,Survey/GCDB/Cadastral
FPER_DOM_CLCTN_MTHD,CodedValue,Unknown,Unknown
FPER_DOM_COL_MTHD,CodedValue,1202 Interagency Fire Occurance Reporting System,1202 Interagency Fire Occurance Reporting System
FPER_DOM_COL_MTHD,CodedValue,Aerial Photography Interpretation,Aerial Photography Interpretation
FPER_DOM_COL_MTHD,CodedValue,Digitized from an Orthophoto Quad,Digitized from an Orthophoto Quad
FPER_DOM_COL_MTHD,CodedValue,Digitized source not 24k Topo Quad,Digitized source not 24k Topo Quad
FPER_DOM_COL_MTHD,CodedValue,Digitized/Scanned 24k Topo Quad,Digitized/Scanned 24k Topo Quad
FPER_DOM_COL_MTHD,CodedValue,GCDB Data,GCDB Data
FPER_DOM_COL_MTHD,CodedValue,"GPS 2-5 Meter Receiver, 2-D","GPS 2-5 Meter Receiver, 2-D"
FPER_DOM_COL_MTHD,CodedValue,"GPS 2-5 Meter Receiver, 3-D","GPS 2-5 Meter Receiver, 3-D"
FPER_DOM_COL_MTHD,CodedValue,GPS Survey Grade and Sub-meter,GPS Survey Grade and Sub-meter
FPER_DOM_COL_MTHD,CodedValue,Hand Drawn,Hand Drawn
FPER_DOM_COL_MTHD,CodedValue,Infrared Photography,Infrared Photography
FPER_DOM_COL_MTHD,CodedValue,Other Agency Digital,Other Agency Digital
FPER_DOM_COL_MTHD,CodedValue,Other Cadastral Information,Other Cadastral Information
FPER_DOM_COL_MTHD,CodedValue,Other/Unknown,Other/Unknown
FPER_DOM_COL_MTHD,CodedValue,Photogrammetric Compilation,Photogrammetric Compilation
FPER_DOM_COL_MTHD,CodedValue,Remote Sensing Data | Base Level,Remote Sensing Data | Base Level
FPER_DOM_COL_MTHD,CodedValue,Remote Sensing Data | Broad Level,Remote Sensing Data | Broad Level
FPER_DOM_COL_MTHD,CodedValue,Remote Sensing Data | Mid Level,Remote Sensing Data | Mid Level
FPER_DOM_COL_MTHD,CodedValue,Remote Sensing Data | National Level,Remote Sensing Data | National Level
FPER_DOM_COL_MTHD,CodedValue,Resurvey Plat,Resurvey Plat
FPER_DOM_FIRE_CAUSE,CodedValue,Human,The fire was started as the result of human activity.
FPER_DOM_FIRE_CAUSE,CodedValue,Natural,The fire started as the result of any type of activity not associated to humans.
FPER_DOM_FIRE_CAUSE,CodedValue,Undetermined,An investigation to determine cause of the fire was conducted but no determination could be made.
FPER_DOM_FIRE_CAUSE,CodedValue,Unknown,The cause of the fire is not known and no investigation has been performed to try to determine cause.
FPER_DOM_FIRE_DAY,CodedValue,01,01
FPER_DOM_FIRE_DAY,CodedValue,02,02
FPER_DOM_FIRE_DAY,CodedValue,03,03
FPER_DOM_FIRE_DAY,CodedValue,04,04
FPER_DOM_FIRE_DAY,CodedValue,05,05
FPER_DOM_FIRE_DAY,CodedValue,06,06
FPER_DOM_FIRE_DAY,CodedValue,07,07
FPER_DOM_FIRE_DAY,CodedValue,08,08
FPER_DOM_FIRE_DAY,CodedValue,09,09
FPER_DOM_FIRE_DAY,CodedValue,10,10
FPER_DOM_FIRE_DAY,CodedValue,11,11
FPER_DOM_FIRE_DAY,CodedValue,12,12
FPER_DOM_FIRE_DAY,CodedValue,13,13
FPER_DOM_FIRE_DAY,CodedValue,14,14
FPER_DOM_FIRE_DAY,CodedValue,15,15
FPER_DOM_FIRE_DAY,CodedValue,16,16
FPER_DOM_FIRE_DAY,CodedValue,17,17
FPER_DOM_FIRE_DAY,CodedValue,18,18
FPER_DOM_FIRE_DAY,CodedValue,19,19
FPER_DOM_FIRE_DAY,CodedValue,20,20
FPER_DOM_FIRE_DAY,CodedValue,21,21
FPER_DOM_FIRE_DAY,CodedValue,22,22
FPER_DOM_FIRE_DAY,CodedValue,23,23
FPER_DOM_FIRE_DAY,CodedValue,24,24
FPER_DOM_FIRE_DAY,CodedValue,25,25
FPER_DOM_FIRE_DAY,CodedValue,26,26
FPER_DOM_FIRE_DAY,CodedValue,27,27
FPER_DOM_FIRE_DAY,CodedValue,28,28
FPER_DOM_FIRE_DAY,CodedValue,29,29
FPER_DOM_FIRE_DAY,CodedValue,30,30
FPER_DOM_FIRE_DAY,CodedValue,31,31
FPER_DOM_FIRE_MNTH,CodedValue,01,January
FPER_DOM_FIRE_MNTH,CodedValue,02,February
FPER_DOM_FIRE_MNTH,CodedValue,03,March
FPER_DOM_FIRE_MNTH,CodedValue,04,April
FPER_DOM_FIRE_MNTH,CodedValue,05,May
FPER_DOM_FIRE_MNTH,CodedValue,06,June
FPER_DOM_FIRE_MNTH,CodedValue,07,July
FPER_DOM_FIRE_MNTH,CodedValue,08,August
FPER_DOM_FIRE_MNTH,CodedValue,09,September
FPER_DOM_FIRE_MNTH,CodedValue,10,October
FPER_DOM_FIRE_MNTH,CodedValue,11,November
FPER_DOM_FIRE_MNTH,CodedValue,12,December
FPER_DOM_FIRE_YR,CodedValue,1980,1980
FPER_DOM_FIRE_YR,CodedValue,1981,1981
FPER_DOM_FIRE_YR,CodedValue,1982,1982
FPER_DOM_FIRE_YR,CodedValue,1983,1983
FPER_DOM_FIRE_YR,CodedValue,1984,1984
FPER_DOM_FIRE_YR,CodedValue,1985,1985
FPER_DOM_FIRE_YR,CodedValue,1986,1986
FPER_DOM_FIRE_YR,CodedValue,1987,1987
FPER_DOM_FIRE_YR,CodedValue,1988,1988
FPER_DOM_FIRE_YR,CodedValue,1989,1989
FPER_DOM_FIRE_YR,CodedValue,1990,1990
FPER_DOM_FIRE_YR,CodedValue,1991,1991
FPER_DOM_FIRE_YR,CodedValue,1992,1992
FPER_DOM_FIRE_YR,CodedValue,1993,1993
FPER_DOM_FIRE_YR,CodedValue,1994,1994
FPER_DOM_FIRE_YR,CodedValue,1995,1995
FPER_DOM_FIRE_YR,CodedValue,1996,1996
FPER_DOM_FIRE_YR,CodedValue,1997,1997
FPER_DOM_FIRE_YR,CodedValue,1998,1998
FPER_DOM_FIRE_YR,CodedValue,1999,1999
FPER_DOM_FIRE_YR,CodedValue,2000,2000
FPER_DOM_FIRE_YR,CodedValue,2001,2001
FPER_DOM_FIRE_YR,CodedValue,2002,2002
FPER_DOM_FIRE_YR,CodedValue,2003,2003
FPER_DOM_FIRE_YR,CodedValue,2004,2004
FPER_DOM_FIRE_YR,CodedValue,2005,2005
FPER_DOM_FIRE_YR,CodedValue,2006,2006
FPER_DOM_FIRE_YR,CodedValue,2007,2007
FPER_DOM_FIRE_YR,CodedValue,2008,2008
FPER_DOM_FIRE_YR,CodedValue,2009,2009
FPER_DOM_FIRE_YR,CodedValue,2010,2010
FPER_DOM_FIRE_YR,CodedValue,2011,2011
FPER_DOM_FIRE_YR,CodedValue,2012,2012
FPER_DOM_FIRE_YR,CodedValue,2013,2013
FPER_DOM_FIRE_YR,CodedValue,2014,2014
FPER_DOM_FIRE_YR,CodedValue,2015,2015
FPER_DOM_FIRE_YR,CodedValue,2016,2016
FPER_DOM_FIRE_YR,CodedValue,2017,2017
FPER_DOM_FIRE_YR,CodedValue,2018,2018
FPER_DOM_FIRE_YR,CodedValue,2019,2019
FPER_DOM_FIRE_YR,CodedValue,2020,2020
FPER_DOM_FIRE_YR,CodedValue,2021,2021
FPER_DOM_FIRE_YR,CodedValue,2022,2022
FPER_DOM_FIRE_YR,CodedValue,2023,2023
FPER_DOM_FIRE_YR,CodedValue,2024,2024
FPER_DOM_FIRE_YR,CodedValue,2025,2025
FPER_DOM_FIRE_YR,CodedValue,2026,2026
FPER_DOM_FIRE_YR,CodedValue,2027,2027
FPER_DOM_FIRE_YR,CodedValue,2028,2028
FPER_DOM_FIRE_YR,CodedValue,2029,2029
FPER_DOM_FIRE_YR,CodedValue,2030,2030
FPER_DOM_FIRE_YR,CodedValue,2031,2031
FPER_DOM_FIRE_YR,CodedValue,2032,2032
FPER_DOM_FIRE_YR,CodedValue,2033,2033
FPER_DOM_FIRE_YR,CodedValue,2034,2034
FPER_DOM_FIRE_YR,CodedValue,2035,2035
FPER_DOM_FIRE_YR,CodedValue,2036,2036
FPER_DOM_FIRE_YR,CodedValue,2037,2037
FPER_DOM_FIRE_YR,CodedValue,2038,2038
FPER_DOM_FIRE_YR,CodedValue,2039,2039
FPER_DOM_FIRE_YR,CodedValue,2040,2040
FPER_DOM_FIRE_YR,CodedValue,2041,2041
FPER_DOM_FIRE_YR,CodedValue,2042,2042
FPER_DOM_FIRE_YR,CodedValue,2043,2043
FPER_DOM_FIRE_YR,CodedValue,2044,2044
FPER_DOM_FIRE_YR,CodedValue,2045,2045
FPER_DOM_FIRE_YR,CodedValue,2046,2046
FPER_DOM_FIRE_YR,CodedValue,2047,2047
FPER_DOM_FIRE_YR,CodedValue,2048,2048
FPER_DOM_FIRE_YR,CodedValue,2049,2049
FPER_DOM_FIRE_YR,CodedValue,2050,2050
FPER_DOM_FIRE_YR,CodedValue,2051,2051
FPER_DOM_FIRE_YR,CodedValue,2052,2052
FPER_DOM_FIRE_YR,CodedValue,2053,2053
FPER_DOM_FIRE_YR,CodedValue,2054,2054
FPER_DOM_FIRE_YR,CodedValue,2055,2055
FPER_DOM_FIRE_YR,CodedValue,2056,2056
FPER_DOM_FIRE_YR,CodedValue,2057,2057
FPER_DOM_FIRE_YR,CodedValue,2058,2058
FPER_DOM_FIRE_YR,CodedValue,2059,2059
FPER_DOM_FIRE_YR,CodedValue,2060,2060
FPER_DOM_FIRE_YR,CodedValue,2061,2061
FPER_DOM_FIRE_YR,CodedValue,2062,2062
FPER_DOM_FIRE_YR,CodedValue,2063,2063
FPER_DOM_FIRE_YR,CodedValue,2064,2064
FPER_DOM_FIRE_YR,CodedValue,2065,2065
FPER_DOM_FIRE_YR,CodedValue,2066,2066
FPER_DOM_FIRE_YR,CodedValue,2067,2067
FPER_DOM_FIRE_YR,CodedValue,2068,2068
FPER_DOM_FIRE_YR,CodedValue,2069,2069
FPER_DOM_FIRE_YR,CodedValue,2070,2070
FPER_DOM_FIRE_YR,CodedValue,2071,2071
FPER_DOM_FIRE_YR,CodedValue,2072,2072
FPER_DOM_FIRE_YR,CodedValue,2073,2073
FPER_DOM_FIRE_YR,CodedValue,2074,2074
FPER_DOM_FIRE_YR,CodedValue,2075,2075
GTLF_DOM_ACCESS_RSTRCT,CodedValue,Admin Only,"Government management uses only (BLM, Fire, etc.)"
GTLF_DOM_ACCESS_RSTRCT,CodedValue,All,No one allowed to access.
GTLF_DOM_ACCESS_RSTRCT,CodedValue,Authorized/Permitted User Only,"Permitted users, land owner, fire personnel and BLM"
GTLF_DOM_ACCESS_RSTRCT,CodedValue,None,No restrictions on who can use the route.
GTLF_DOM_ACCESS_RSTRCT,CodedValue,Unknown,No determination made on who can use the route.
GTLF_DOM_BLM_ASSET_CLASS,CodedValue,Linear Disturbance,Human-made route which is not part of BLM transportation system and will not be retained.
GTLF_DOM_BLM_ASSET_CLASS,CodedValue,Non-BLM,Non-BLM
GTLF_DOM_BLM_ASSET_CLASS,CodedValue,Not Assessed,No planning decision has been made on this route.
GTLF_DOM_BLM_ASSET_CLASS,CodedValue,Not Assessed - Trail,A route regarded as a trail by the BLM for which no BLM planning decision has been made either in a TMP or LUP. No record of decision (ROD) applies to this route.
GTLF_DOM_BLM_ASSET_CLASS,CodedValue,Primitive Route - WSA/LWC,Undesignated route located within a WSA or lands with wilderness characteristics.
GTLF_DOM_BLM_ASSET_CLASS,CodedValue,Temporary Route,Undesignated route usually associated to a project with a finite lifespan.
GTLF_DOM_BLM_ASSET_CLASS,CodedValue,Transportation System - Primitive Road,Route designated for use by 4-wheel drive/high-clearance vehicles.
GTLF_DOM_BLM_ASSET_CLASS,CodedValue,Transportation System - Road,Route designated for use by low-clearance vehicles having 4+ wheels and maintained for regular continuous use.
GTLF_DOM_BLM_ASSET_CLASS,CodedValue,Transportation System - Trail,"Route designated for use by human-powered, stock or off-road vehicles, or for historical/heritage values."
GTLF_DOM_FLTP_CODE,CodedValue,No,Route is not identified as part of FLTP
GTLF_DOM_FLTP_CODE,CodedValue,Nominated,Route is nominated to be part of FLTP
GTLF_DOM_FLTP_CODE,CodedValue,Unknown,Unknown if route is part of FLTP
GTLF_DOM_FLTP_CODE,CodedValue,Yes,Route has been identified as part of FLTP
GTLF_DOM_OBSRVE_FUNC_CLASS,CodedValue,Arterial,Provides major access/No BLM.
GTLF_DOM_OBSRVE_FUNC_CLASS,CodedValue,Collector,Connects to arterials to provide primary access.
GTLF_DOM_OBSRVE_FUNC_CLASS,CodedValue,Local,Connects to collector access.
GTLF_DOM_OBSRVE_FUNC_CLASS,CodedValue,Resource,Provides remaining access.
GTLF_DOM_OBSRVE_FUNC_CLASS,CodedValue,Unknown,Unknown
GTLF_DOM_OBSRVE_MODE_TRNSPRT,CodedValue,Motorized,"Includes all motorized, mechanized and non-mechanized forms of transport."
GTLF_DOM_OBSRVE_MODE_TRNSPRT,CodedValue,Non-Mechanized,Transport using propulsion by foot and/or stock animal. Nothing mechanized or motorized.
GTLF_DOM_OBSRVE_MODE_TRNSPRT,CodedValue,Non-Motorized,Includes all non-mechanized forms plus mechanical forms of propulsion.
GTLF_DOM_OBSRVE_MODE_TRNSPRT,CodedValue,Unknown,Unknown or unable to determine mode of transport
GTLF_DOM_OBSRVE_SRFCE_TYPE,CodedValue,Aggregate,Any aggregate material regardless of compaction status.
GTLF_DOM_OBSRVE_SRFCE_TYPE,CodedValue,Natural,Naturally occurring soils exclusive of imported roadway surfacing materials. Use if improvement of surface is unknown.
GTLF_DOM_OBSRVE_SRFCE_TYPE,CodedValue,Natural Improved,Natural on-site surface that has been improved.
GTLF_DOM_OBSRVE_SRFCE_TYPE,CodedValue,Other,Surface material identified but does not exist elsewhere in list.
GTLF_DOM_OBSRVE_SRFCE_TYPE,CodedValue,Snow,Snow is the only surface type.
GTLF_DOM_OBSRVE_SRFCE_TYPE,CodedValue,Solid Surface,"Include, not limited to, full depth asphalt, asphalt overlay, bituminous surface treatment (BST) and concrete."
GTLF_DOM_OBSRVE_SRFCE_TYPE,CodedValue,Unknown,The surface material is unknown or undetermined.
GTLF_DOM_OHV_ROUTE_DSGNTN,CodedValue,Closed,Closed
GTLF_DOM_OHV_ROUTE_DSGNTN,CodedValue,Limited,Limited
GTLF_DOM_OHV_ROUTE_DSGNTN,CodedValue,Open,Open
GTLF_DOM_OHV_ROUTE_DSGNTN,CodedValue,Unknown,Unknown
GTLF_DOM_OHV_ROUTE_DSGNTN_LIM,CodedValue,Limited by Other,Limited by Other
GTLF_DOM_OHV_ROUTE_DSGNTN_LIM,CodedValue,Limited by Season,Limited by Season
GTLF_DOM_OHV_ROUTE_DSGNTN_LIM,CodedValue,Limited by Season and Time of Day,Limited by Season and Time of Day
GTLF_DOM_OHV_ROUTE_DSGNTN_LIM,CodedValue,Limited by Time of Day,Limited by Time of Day
GTLF_DOM_OHV_ROUTE_DSGNTN_LIM,CodedValue,Limited by Type of Vehicle,Limited by Type of Vehicle
GTLF_DOM_OHV_ROUTE_DSGNTN_LIM,CodedValue,Limited by Type of Vehicle and Season,Limited by Type of Vehicle and Season
GTLF_DOM_OHV_ROUTE_DSGNTN_LIM,CodedValue,Limited by Type of Vehicle and Time of Day,Limited by Type of Vehicle and Time of Day
GTLF_DOM_OHV_ROUTE_DSGNTN_LIM,CodedValue,"Limited by Type of Vehicle, Season, and Time of Day","Limited by Type of Vehicle, Season, and Time of Day"
GTLF_DOM_PLAN_ALLOW_MODE_TRNSPRT,CodedValue,ALL_MOTO_VEH,"Licensed Street-Legal Vehicle, Motorcycle, ATV, Bicycle, Equestrian, Hiking"
GTLF_DOM_PLAN_ALLOW_MODE_TRNSPRT,CodedValue,BIKE_HIK_ONLY,Bicycle and Hiking Only
GTLF_DOM_PLAN_ALLOW_MODE_TRNSPRT,CodedValue,BIKE_ONLY,Bicycle Only
GTLF_DOM_PLAN_ALLOW_MODE_TRNSPRT,CodedValue,EQU_HIK_ONLY,Equestrian and Hiking Only
GTLF_DOM_PLAN_ALLOW_MODE_TRNSPRT,CodedValue,EQU_ONLY,Equestrian Only
GTLF_DOM_PLAN_ALLOW_MODE_TRNSPRT,CodedValue,HIK_ONLY,Hiking Only
GTLF_DOM_PLAN_ALLOW_MODE_TRNSPRT,CodedValue,MTC_ATV_ONLY,Motorcycle and ATV Only
GTLF_DOM_PLAN_ALLOW_MODE_TRNSPRT,CodedValue,MTC_ATV_SHARED,"Shared Motorcycle, ATV, Mountain Bike, Electric Mountain Bike, Equestrian, Hiking"
GTLF_DOM_PLAN_ALLOW_MODE_TRNSPRT,CodedValue,MTC_ATV_UTV_ONLY,"Motorcycle, ATV, and UTV Only"
GTLF_DOM_PLAN_ALLOW_MODE_TRNSPRT,CodedValue,MTC_ATV_UTV_SHARED,"Shared Motorcycle, ATV, UTV, Mountain Bike, Bicycle, Equestrian, Hiking"
GTLF_DOM_PLAN_ALLOW_MODE_TRNSPRT,CodedValue,MTC_ONLY,Motorcycle Only
GTLF_DOM_PLAN_ALLOW_MODE_TRNSPRT,CodedValue,MTC_SHARED,Motorcycle Shared
GTLF_DOM_PLAN_ALLOW_MODE_TRNSPRT,CodedValue,NON_MOTO_SHARED,"Shared Non-Motorized (Hiking, Bicycle, Equestrian)"
GTLF_DOM_PLAN_ALLOW_MODE_TRNSPRT,CodedValue,SNOW_MOTO_ONLY,Over the snow (Motorized) Only
GTLF_DOM_PLAN_ALLOW_MODE_TRNSPRT,CodedValue,SNOW_MOTO_SHARED,"Snowmobile, Nordic Ski, Snowshoe, Skijor"
GTLF_DOM_PLAN_ALLOW_MODE_TRNSPRT,CodedValue,SNOW_NON_MECH_SHARED,"Shared Non-Mechanized (Nordic Ski, Snowshoe, Skijor, Dog Sled, Snow Skate)"
GTLF_DOM_PLAN_ALLOW_MODE_TRNSPRT,CodedValue,SNOW_NON_MOTO_SHARED,"Shared Non-Motorized (Cross Country Ski, Snow Skate, Fat-tire Bike, Snowshoe, Skijor, Dog Sled)"
GTLF_DOM_PLAN_ALLOW_MODE_TRNSPRT,CodedValue,STRT_LGL_VEH,Licensed Street-Legal Vehicles Only
GTLF_DOM_PLAN_ALLOW_MODE_TRNSPRT,CodedValue,TECH_HI_CLEAR_VEH_ONLY,Technical High-Clearance Vehicles Only
GTLF_DOM_PLAN_ALLOW_MODE_TRNSPRT,CodedValue,TECH_MTC_ONLY,Technical Motorcycle Only
GTLF_DOM_PLAN_ALLOW_MODE_TRNSPRT,CodedValue,TECH_VEH_SHARED,"Technical Vehicles Shared, 4WD, MTC, ATV, UTV, Bicycle, Equestrian, Hiking"
GTLF_DOM_PLAN_ALLOW_MODE_TRNSPRT,CodedValue,UNK,Unknown
GTLF_DOM_PLAN_MODE_TRNSPRT,CodedValue,Motorized,"Includes all motorized, mechanized and non-mechanized forms of transport."
GTLF_DOM_PLAN_MODE_TRNSPRT,CodedValue,Non-Mechanized,Transport using propulsion by foot and/or stock animal. Nothing mechanized or motorized.
GTLF_DOM_PLAN_MODE_TRNSPRT,CodedValue,Non-Motorized,Includes all non-mechanized forms plus mechanical forms of propulsion.
GTLF_DOM_PRMRY_ROUTE_MNGT_OBJTV,CodedValue,Access,Access to specific location for specific task/project.
GTLF_DOM_PRMRY_ROUTE_MNGT_OBJTV,CodedValue,Connectivity,Primary objective is travel between 2+ other routes.
GTLF_DOM_PRMRY_ROUTE_MNGT_OBJTV,CodedValue,Experience,Primary objective is to provide for recreational experience.
GTLF_DOM_ROUTE_DSGNTN_AUTH,CodedValue,BLM,BLM has route designation authority.
GTLF_DOM_ROUTE_DSGNTN_AUTH,CodedValue,Non-BLM,BLM does NOT have route designation authority.
GTLF_DOM_ROUTE_DSGNTN_AUTH,CodedValue,Unknown,Org. with route designation authority is unknown.
GTLF_DOM_ROUTE_SPCL_DSGNTN_TYPE,CodedValue,BLM Back Country Byway,Designated as part of BLM Back Country Byway system through RMP
GTLF_DOM_ROUTE_SPCL_DSGNTN_TYPE,CodedValue,National Historic Trail,Part of National Trail System and recognize broad facets of history
GTLF_DOM_ROUTE_SPCL_DSGNTN_TYPE,CodedValue,National Recreation Trail,"Part of National Trail System, vary in length, terrain, difficulty, and accessibility"
GTLF_DOM_ROUTE_SPCL_DSGNTN_TYPE,CodedValue,National Scenic Trail,"Part of  National Trail System, protected scenic corridors for recreation"
GTLF_DOM_ROUTE_USE_CLASS,CodedValue,2WD Low,2wd Low Clearance Passenger Vehicle
GTLF_DOM_ROUTE_USE_CLASS,CodedValue,4WD High Clearance/Specialized,4wd High Clearance Vehicle including rock crawlers
GTLF_DOM_ROUTE_USE_CLASS,CodedValue,4WD Low,4wd Low Clearance Vehicle
GTLF_DOM_ROUTE_USE_CLASS,CodedValue,ATV,"Any wheeled vehicle other than a over snow vehicle that travels on 3+ low-pressure tires, with a seat designed to be straddled by the operator."
GTLF_DOM_ROUTE_USE_CLASS,CodedValue,Impassable,Roads for full-size vehicle use that are impassable.
GTLF_DOM_ROUTE_USE_CLASS,CodedValue,Motorized Single Track,Off-highway motorcycle that travels on 2 tires.
GTLF_DOM_ROUTE_USE_CLASS,CodedValue,Non-Mechanized,Transport using propulsion by foot and/or stock animal. Nothing mechanized or motorized.
GTLF_DOM_ROUTE_USE_CLASS,CodedValue,Non-Motorized,Includes all non-mechanized forms plus mechanical forms of propulsion
GTLF_DOM_ROUTE_USE_CLASS,CodedValue,Over Snow Vehicle,Any of various motorized vehicles for travel on snow.
GTLF_DOM_ROUTE_USE_CLASS,CodedValue,UTV,"Any recreational motor vehicle other than an ATV, motorbike or over snow vehicle"
GTLF_DOM_ROUTE_USE_CLASS,CodedValue,Unknown,Route use is either unknown or undetermined.
LUPA_DOM_CHNG_TYPE,CodedValue,AMDMNT,Amendment to Existing Land Use Plan
LUPA_DOM_CHNG_TYPE,CodedValue,MNTNC,Maintenance
LUPA_DOM_CHNG_TYPE,CodedValue,NEW,New Land Use Plan
LUPA_DOM_CHNG_TYPE,CodedValue,PTL RPLCMNT,Partial Replacement
LUPA_DOM_CHNG_TYPE,CodedValue,RVSN,Revision to Existing Land Use Plan
LUPA_DOM_EVAL_RSLT_NM,CodedValue,Amendment Needed,Amendment to Existing LUP Needed
LUPA_DOM_EVAL_RSLT_NM,CodedValue,Maintenance Needed,Maintenance to Existing LUP Needed
LUPA_DOM_EVAL_RSLT_NM,CodedValue,No Change,No Change
LUPA_DOM_EVAL_RSLT_NM,CodedValue,Not Yet Evaluated,Not Yet Evaluated
LUPA_DOM_EVAL_RSLT_NM,CodedValue,Revision Needed,Revision to Existing LUP Needed
LUPA_DOM_LUP_EFRT_TYPE_CD,CodedValue,AMDMNT,Amendment to Existing LUP
LUPA_DOM_LUP_EFRT_TYPE_CD,CodedValue,MNTNC,Maintenance
LUPA_DOM_LUP_EFRT_TYPE_CD,CodedValue,NEW,New LUP
LUPA_DOM_LUP_EFRT_TYPE_CD,CodedValue,PTL RPLCMNT,Partial Replacement
LUPA_DOM_LUP_EFRT_TYPE_CD,CodedValue,RVSN,Revision to Existing LUP
LUPA_DOM_LUP_EFRT_TYPE_CD,CodedValue,UNK,Unknown
LUPA_DOM_LUP_PRRTY_CAT_CD,CodedValue,GRSG,GRSG
LUPA_DOM_LUP_PRRTY_CAT_CD,CodedValue,Legislation,Legislation
LUPA_DOM_LUP_PRRTY_CAT_CD,CodedValue,Litigation,Litigation
LUPA_DOM_LUP_PRRTY_CAT_CD,CodedValue,NLCS,NLCS
LUPA_DOM_LUP_PRRTY_CAT_CD,CodedValue,None,None
LUPA_DOM_LUP_PRRTY_CAT_CD,CodedValue,Time,Time Sensitive
LUPA_DOM_LUP_REL_TYPE_NM,CodedValue,Ammends,REL_LUPA_ID Amends LUPA_ID
LUPA_DOM_LUP_REL_TYPE_NM,CodedValue,Partially Replaces,REL_LUPA_ID Partially Replaces LUPA_ID
LUPA_DOM_LUP_REL_TYPE_NM,CodedValue,Performs Maintenance On,REL_LUPA_ID Performs Maintenance On LUPA_ID
LUPA_DOM_LUP_REL_TYPE_NM,CodedValue,Revises,REL_LUPA_ID Revises LUPA_ID
LUPA_DOM_LUP_STATUS,CodedValue,ANTCPTD,Anticipated
LUPA_DOM_LUP_STATUS,CodedValue,EXIST,Existing
LUPA_DOM_LUP_STATUS,CodedValue,HIST,Historic
LUPA_DOM_LUP_STATUS,CodedValue,PRGS,In-Progress
LUPA_DOM_LUP_TYPE_CD,CodedValue,MFP,Management Framework Plan
LUPA_DOM_LUP_TYPE_CD,CodedValue,NP,No Plan
LUPA_DOM_LUP_TYPE_CD,CodedValue,RMP,Resource Management Plan
LUPA_DOM_PLAN_PHS_IMP,CodedValue,DJ,Evaluate LUP
LUPA_DOM_PLAN_PHS_IMP,CodedValue,DX,Complete LUP Implementation Strategies
LUPA_DOM_PLAN_PHS_PA,CodedValue,DR,Resolve Protest and Approve Plan
LUPA_DOM_PLAN_PHS_PD,CodedValue,DP,Draft LUP
LUPA_DOM_PLAN_PHS_PD,CodedValue,DQ,Proposed LUP/FEIS
LUPA_DOM_PLAN_PHS_PD,CodedValue,DS,Draft EIS LUP Amendment
LUPA_DOM_PLAN_PHS_PD,CodedValue,DT,Final LUP Amendment/ROD
LUPA_DOM_PLAN_PHS_PD,CodedValue,DU,Draft EA LUP Amendment/Decision Record
LUPA_DOM_PLAN_PHS_SC,CodedValue,DN,Preplanning for New or Revised LUP
LUPA_DOM_PLAN_PHS_SC,CodedValue,DO,Scoping
NLCS_DOM_MNG_AGCY,CodedValue,BIA,BIA
NLCS_DOM_MNG_AGCY,CodedValue,BLM,BLM
NLCS_DOM_MNG_AGCY,CodedValue,FWS,FWS
NLCS_DOM_MNG_AGCY,CodedValue,Military,Military
NLCS_DOM_MNG_AGCY,CodedValue,NPS,NPS
NLCS_DOM_MNG_AGCY,CodedValue,Other,Other
NLCS_DOM_MNG_AGCY,CodedValue,Private,Private
NLCS_DOM_MNG_AGCY,CodedValue,State,State
NLCS_DOM_MNG_AGCY,CodedValue,USFS,USFS
NLCS_DOM_NLCS_TYPE,CodedValue,Cooperative Management and Protection Area,Cooperative Management and Protection Area
NLCS_DOM_NLCS_TYPE,CodedValue,Forest Reserve,Forest Reserve
NLCS_DOM_NLCS_TYPE,CodedValue,National Conservation Area,National Conservation Area
NLCS_DOM_NLCS_TYPE,CodedValue,National Monument,National Monument
NLCS_DOM_NLCS_TYPE,CodedValue,Outstanding Natural Area,Outstanding Natural Area
NLCS_DOM_ORV,CodedValue,Cultural,Cultural
NLCS_DOM_ORV,CodedValue,Fish,Fish
NLCS_DOM_ORV,CodedValue,Geologic,Geologic
NLCS_DOM_ORV,CodedValue,Historic,Historic
NLCS_DOM_ORV,CodedValue,None,None
NLCS_DOM_ORV,CodedValue,Other Similar Values,Other Similar Values
NLCS_DOM_ORV,CodedValue,Recreational,Recreational
NLCS_DOM_ORV,CodedValue,Scenic,Scenic
NLCS_DOM_ORV,CodedValue,Wildlife,Wildlife
NLCS_DOM_WC_TYPE,CodedValue,Other Lands with Wilderness Characteristics,"Inventoried areas not in Wilderness or Wilderness Study Areas that have been determined to meet the size, naturalness, and the outstanding solitude and/or the outstanding primitive and unconfined recreation criteria."
NLCS_DOM_WC_TYPE,CodedValue,Wilderness Characteristic Protection Area,Former lands with Wilderness Value - Lands with Wilderness Characteristics where a plan decision has been made to protect them.
NLCS_DOM_WSA_RCMND,CodedValue,No recommendation,No recommendation
NLCS_DOM_WSA_RCMND,CodedValue,Non-suitable,Non-suitable
NLCS_DOM_WSA_RCMND,CodedValue,Suitable,Suitable
NLCS_DOM_WSR_CTGY,CodedValue,Designated - Recreational,Designated - Recreational
NLCS_DOM_WSR_CTGY,CodedValue,Designated - Scenic,Designated - Scenic
NLCS_DOM_WSR_CTGY,CodedValue,Designated - Wild,Designated - Wild
NLCS_DOM_WSR_CTGY,CodedValue,Eligible - Recreational,Eligible - Recreational
NLCS_DOM_WSR_CTGY,CodedValue,Eligible - Scenic,Eligible - Scenic
NLCS_DOM_WSR_CTGY,CodedValue,Eligible - Wild,Eligible - Wild
NLCS_DOM_WSR_CTGY,CodedValue,Suitable - Recreational,Suitable- Recreational
NLCS_DOM_WSR_CTGY,CodedValue,Suitable - Scenic,Suitable - Scenic
NLCS_DOM_WSR_CTGY,CodedValue,Suitable - Wild,Suitable - Wild
RECS_DOM_ACCESS_POINT,CodedValue,Access Point,Access Point
RECS_DOM_ACCESS_POINT,CodedValue,Staging Area,Staging Area
RECS_DOM_ACCESS_POINT,CodedValue,Trail Head,Trail Head
RECS_DOM_AIRPLANE_LAND_STRIP,CodedValue,Airplane Landing Strip,Airplane Landing Strip
RECS_DOM_CAMPGROUND,CodedValue,Campground,Campground
RECS_DOM_DAY_USE_AREA,CodedValue,Day Use Area,Day Use Area
RECS_DOM_DAY_USE_SITE,CodedValue,Cabin,Cabin
RECS_DOM_DAY_USE_SITE,CodedValue,Fire Lookout,Fire Lookout
RECS_DOM_DAY_USE_SITE,CodedValue,Group Shelter,Group Shelter
RECS_DOM_DAY_USE_SITE,CodedValue,Interpretive Site,Interpretive Site
RECS_DOM_DAY_USE_SITE,CodedValue,Lighthouse,Lighthouse
RECS_DOM_DAY_USE_SITE,CodedValue,Picnic Area,Picnic Area
RECS_DOM_DAY_USE_SITE,CodedValue,Point of Interest,Point of Interest
RECS_DOM_DAY_USE_SITE,CodedValue,Scenic Overlook,Scenic Overlook
RECS_DOM_INFO_CNTR_SITE,CodedValue,BLM Ranger Station/Field Office/Contact Station,BLM Ranger Station/Field Office/Contact Station
RECS_DOM_INFO_CNTR_SITE,CodedValue,Visitor Center,Visitor Center
RECS_DOM_NAT_ENDNGRD_AREA,CodedValue,Natural Area/Endangered Area,Natural Area/Endangered Area
RECS_DOM_OHV_DESIG_AREA,CodedValue,OHV Designated Area,OHV Designated Area
RECS_DOM_OVER_NIGHT_SITE,CodedValue,Cabin - Non Reservable - Fee,Cabin - Non Reservable - Fee
RECS_DOM_OVER_NIGHT_SITE,CodedValue,Cabin - Non Reservable - No Fee,Cabin - Non Reservable - No Fee
RECS_DOM_OVER_NIGHT_SITE,CodedValue,Cabin - Reservable - Fee,Cabin - Reservable - Fee
RECS_DOM_OVER_NIGHT_SITE,CodedValue,Cabin - Reservable - No Fee,Cabin - Reservable - No Fee
RECS_DOM_OVER_NIGHT_SITE,CodedValue,Campsite - Developed - Non Reservable - Fee,Campsite - Developed - Non Reservable - Fee
RECS_DOM_OVER_NIGHT_SITE,CodedValue,Campsite - Developed - Non Reservable - No Fee,Campsite - Developed - Non Reservable - No Fee
RECS_DOM_OVER_NIGHT_SITE,CodedValue,Campsite - Developed - Reservable - Fee,Campsite - Developed - Reservable - Fee
RECS_DOM_OVER_NIGHT_SITE,CodedValue,Campsite - Developed - Reservable - No Fee,Campsite - Developed - Reservable - No Fee
RECS_DOM_OVER_NIGHT_SITE,CodedValue,Campsite - Primitive - Non Reservable - Fee,Campsite - Primitive - Non Reservable - Fee
RECS_DOM_OVER_NIGHT_SITE,CodedValue,Campsite - Primitive - Non Reservable - No Fee,Campsite - Primitive - Non Reservable - No Fee
RECS_DOM_OVER_NIGHT_SITE,CodedValue,Campsite - Primitive - Reservable - Fee,Campsite - Primitive - Reservable - Fee
RECS_DOM_OVER_NIGHT_SITE,CodedValue,Campsite - Primitive - Reservable - No Fee,Campsite - Primitive - Reservable - No Fee
RECS_DOM_OVER_NIGHT_SITE,CodedValue,Fire Lookout - Non Reservable - Fee,Fire Lookout - Non Reservable - Fee
RECS_DOM_OVER_NIGHT_SITE,CodedValue,Fire Lookout - Non Reservable - No Fee,Fire Lookout - Non Reservable - No Fee
RECS_DOM_OVER_NIGHT_SITE,CodedValue,Fire Lookout - Reservable - Fee,Fire Lookout - Reservable - Fee
RECS_DOM_OVER_NIGHT_SITE,CodedValue,Fire Lookout - Reservable - No Fee,Fire Lookout - Reservable - No Fee
RECS_DOM_OVER_NIGHT_SITE,CodedValue,Lighthouse - Non Reservable - Fee,Lighthouse - Non Reservable - Fee
RECS_DOM_OVER_NIGHT_SITE,CodedValue,Lighthouse - Non Reservable - No Fee,Lighthouse - Non Reservable - No Fee
RECS_DOM_OVER_NIGHT_SITE,CodedValue,Lighthouse - Reservable - Fee,Lighthouse - Reservable - Fee
RECS_DOM_OVER_NIGHT_SITE,CodedValue,Lighthouse - Reservable - No Fee,Lighthouse - Reservable - No Fee
RECS_DOM_PARKING_AREA,CodedValue,Parking Area,Parking Area
RECS_DOM_REC_MNGMNT_AREA,CodedValue,ERMA,Extensive RMA
RECS_DOM_REC_MNGMNT_AREA,CodedValue,SRMA,Special RMA
RECS_DOM_TOILET,CodedValue,Toilet,Toilet
RECS_DOM_WATER_BASE_SITE,CodedValue,Boat Launch,Boat Launch
RECS_DOM_WATER_BASE_SITE,CodedValue,Boat Ramp,Boat Ramp
RECS_DOM_WATER_BASE_SITE,CodedValue,Boat Takeout,Boat Takeout
RECS_DOM_WATER_BASE_SITE,CodedValue,Rapid,Rapid
RECS_DOM_WATER_BASE_SITE,CodedValue,River Mile,River Mile
RECS_DOM_WATER_BASE_SITE,CodedValue,Staging Area,Staging Area
SIGNS_DOM_BASE,CodedValue,Concrete,Concrete
SIGNS_DOM_BASE,CodedValue,Found Objects,Found Objects
SIGNS_DOM_BASE,CodedValue,Kiosk,Kiosk
SIGNS_DOM_BASE,CodedValue,Masonry,Masonry
SIGNS_DOM_BASE,CodedValue,Metal,Metal
SIGNS_DOM_BASE,CodedValue,Other,Other
SIGNS_DOM_BASE,CodedValue,Stone,Stone
SIGNS_DOM_BASE,CodedValue,Wood,Wood
SIGNS_DOM_CNDTN,CodedValue,Down or Missing,Down or Missing
SIGNS_DOM_CNDTN,CodedValue,Good,Good
SIGNS_DOM_CNDTN,CodedValue,Obsolete,Obsolete
SIGNS_DOM_CNDTN,CodedValue,Poor,Poor
SIGNS_DOM_CNDTN,CodedValue,Ruined,Ruined
SIGNS_DOM_COLOR,CodedValue,Black,Black
SIGNS_DOM_COLOR,CodedValue,Blue,Blue
SIGNS_DOM_COLOR,CodedValue,Brown,Brown
SIGNS_DOM_COLOR,CodedValue,Green,Green
SIGNS_DOM_COLOR,CodedValue,Orange,Orange
SIGNS_DOM_COLOR,CodedValue,Other,Other
SIGNS_DOM_COLOR,CodedValue,Red,Red
SIGNS_DOM_COLOR,CodedValue,Unknown,Unknown
SIGNS_DOM_COLOR,CodedValue,White,White
SIGNS_DOM_COLOR,CodedValue,Yellow,Yellow
SIGNS_DOM_MAINT_ACT,CodedValue,Monitor Condition,Monitor Condition
SIGNS_DOM_MAINT_ACT,CodedValue,No Action,No Action
SIGNS_DOM_MAINT_ACT,CodedValue,Relocate,Relocate
SIGNS_DOM_MAINT_ACT,CodedValue,Remove,Remove
SIGNS_DOM_MAINT_ACT,CodedValue,Repair,Repair
SIGNS_DOM_MAINT_ACT,CodedValue,Replace,Replace
SIGNS_DOM_POST_MATL,CodedValue,Composite Marker,Composite Marker
SIGNS_DOM_POST_MATL,CodedValue,Metal,Metal
SIGNS_DOM_POST_MATL,CodedValue,Other,Other
SIGNS_DOM_POST_MATL,CodedValue,Plastic,Plastic
SIGNS_DOM_POST_MATL,CodedValue,Wood,Wood
SIGNS_DOM_POST_SHAPE,CodedValue,Other,Other
SIGNS_DOM_POST_SHAPE,CodedValue,Rectangular,Rectangular
SIGNS_DOM_POST_SHAPE,CodedValue,Round,Round
SIGNS_DOM_POST_SHAPE,CodedValue,Square,Square
SIGNS_DOM_POST_SHAPE,CodedValue,T Shape,T Shape
SIGNS_DOM_POST_SHAPE,CodedValue,U Channel,U Channel
SIGNS_DOM_PRRTY_RANK_CD,CodedValue,1,Immediate Replacement
SIGNS_DOM_PRRTY_RANK_CD,CodedValue,2,Replacement Less than 1 Year
SIGNS_DOM_PRRTY_RANK_CD,CodedValue,3,Replacement 1-2 Years
SIGNS_DOM_PRRTY_RANK_CD,CodedValue,4,Replacement 2-3 Years
SIGNS_DOM_PRRTY_RANK_CD,CodedValue,5,Replacement 3-4 Years
SIGNS_DOM_PT_SRC_TYPE,CodedValue,DRG,Digital Raster Graphic
SIGNS_DOM_PT_SRC_TYPE,CodedValue,GPS,GPS device
SIGNS_DOM_PT_SRC_TYPE,CodedValue,HST,Historical
SIGNS_DOM_PT_SRC_TYPE,CodedValue,IMG,Corrected Aerial Image
SIGNS_DOM_PT_SRC_TYPE,CodedValue,OTH,Other
SIGNS_DOM_PT_SRC_TYPE,CodedValue,UNK,Unknown
SIGNS_DOM_SBSTRTE,CodedValue,Aluminum,Aluminum
SIGNS_DOM_SBSTRTE,CodedValue,Aluminum Clad Plastic,Aluminum Clad Plastic
SIGNS_DOM_SBSTRTE,CodedValue,Aluminum Clad Plywood,Aluminum Clad Plywood
SIGNS_DOM_SBSTRTE,CodedValue,Fiberglass,Fiberglass
SIGNS_DOM_SBSTRTE,CodedValue,High Pressure Laminate,High Pressure Laminate
SIGNS_DOM_SBSTRTE,CodedValue,Marker,Marker
SIGNS_DOM_SBSTRTE,CodedValue,Other,Other
SIGNS_DOM_SBSTRTE,CodedValue,Plastic,Plastic
SIGNS_DOM_SBSTRTE,CodedValue,Plywood,Plywood
SIGNS_DOM_SBSTRTE,CodedValue,Porcelain,Porcelain
SIGNS_DOM_SBSTRTE,CodedValue,Steel,Steel
SIGNS_DOM_SBSTRTE,CodedValue,Unknown,Unknown
SIGNS_DOM_SBSTRTE,CodedValue,Wood,Wood
SIGNS_DOM_SHAPE,CodedValue,Crossbuck,Crossbuck
SIGNS_DOM_SHAPE,CodedValue,Diamond,Diamond
SIGNS_DOM_SHAPE,CodedValue,Marker Post,Marker Post
SIGNS_DOM_SHAPE,CodedValue,Octagon,Octagon
SIGNS_DOM_SHAPE,CodedValue,Other,Other
SIGNS_DOM_SHAPE,CodedValue,Pennant,Pennant
SIGNS_DOM_SHAPE,CodedValue,Pentagon,Pentagon
SIGNS_DOM_SHAPE,CodedValue,Rectangle Rounded,Rectangle Rounded
SIGNS_DOM_SHAPE,CodedValue,Rectangle Sharp,Rectangle Sharp
SIGNS_DOM_SHAPE,CodedValue,Round,Round
SIGNS_DOM_SHAPE,CodedValue,Trapezoid,Trapezoid
SIGNS_DOM_SHAPE,CodedValue,Triangle,Triangle
SIGNS_DOM_SRFCE,CodedValue,Fused Coating,Fused Coating
SIGNS_DOM_SRFCE,CodedValue,Non-reflective Sheeting,Non-reflective Sheeting
SIGNS_DOM_SRFCE,CodedValue,Other,Other
SIGNS_DOM_SRFCE,CodedValue,Painted,Painted
SIGNS_DOM_SRFCE,CodedValue,Porcelain,Porcelain
SIGNS_DOM_SRFCE,CodedValue,Reflective Sheeting,Reflective Sheeting
SIGNS_DOM_SRFCE,CodedValue,Routed,Routed
SIGNS_DOM_SRFCE,CodedValue,Unknown,Unknown
SIGNS_DOM_TYPE_NM,CodedValue,Decal,Decal
SIGNS_DOM_TYPE_NM,CodedValue,General Purpose Fire,General Purpose - Fire
SIGNS_DOM_TYPE_NM,CodedValue,General Purpose Routine,General Purpose - Routine
SIGNS_DOM_TYPE_NM,CodedValue,General Purpose Routine BLM,General Purpose  Routine BLM
SIGNS_DOM_TYPE_NM,CodedValue,General Purpose S-Series,General Purpose  S-Series
SIGNS_DOM_TYPE_NM,CodedValue,Guide Road Destination,Guide  Road Destination/MUTCD
SIGNS_DOM_TYPE_NM,CodedValue,Guide Road Directional,Guide  Road Directional/MUTCD
SIGNS_DOM_TYPE_NM,CodedValue,Guide Trail Destination,Guide  Trail Destination
SIGNS_DOM_TYPE_NM,CodedValue,Guide Trail Directional,Guide  Trail Directional
SIGNS_DOM_TYPE_NM,CodedValue,Identification,Identification
SIGNS_DOM_TYPE_NM,CodedValue,Informational,Informational
SIGNS_DOM_TYPE_NM,CodedValue,Other,Other
SIGNS_DOM_TYPE_NM,CodedValue,Panel Interpretation,Panel - Interpretation
SIGNS_DOM_TYPE_NM,CodedValue,Panel Orientation,Panel  Orientation
SIGNS_DOM_TYPE_NM,CodedValue,Supplemental,Supplemental Plaque/Info Bar/Rocker
SIGNS_DOM_TYPE_NM,CodedValue,Unknown,Unknown
TGA_DOM_ACTION,CodedValue,ADD,Addition
TGA_DOM_ACTION,CodedValue,CORR,Correction
TGA_DOM_ACTION,CodedValue,DIST CHNG,District Change
TGA_DOM_ACTION,CodedValue,ORIG EST,Original Establishment
TGA_DOM_ACTION,CodedValue,SUB,Subtraction
VRI_DOM_CLASS_CODE,CodedValue,I,VRI Class I
VRI_DOM_CLASS_CODE,CodedValue,II,VRI Class II
VRI_DOM_CLASS_CODE,CodedValue,III,VRI Class III
VRI_DOM_CLASS_CODE,CodedValue,IV,VRI Class IV
VRI_DOM_CLASS_CODE,CodedValue,M,Missing Data From Old Inventory
VRI_DOM_CLASS_CODE,CodedValue,N,Not Inventoried
VRI_DOM_IOP_RPRSNT,CodedValue,Boundary,Observation taken along boundary
VRI_DOM_IOP_RPRSNT,CodedValue,Missing,Missing data from old inventory
VRI_DOM_IOP_RPRSNT,CodedValue,Route,Observation taken along a route
VRI_DOM_IOP_RPRSNT,CodedValue,Stationary,Observation taken from stationary position
VRI_DOM_SLNA_RATING,CodedValue,High,High - Maintenance of Visual Quality has High Value
VRI_DOM_SLNA_RATING,CodedValue,Low,Low - Maintenance of Visual Quality has Low Value
VRI_DOM_SLNA_RATING,CodedValue,Missing,Missing Data from old inventory
VRI_DOM_SLNA_RATING,CodedValue,Moderate,Moderate - Maintenance of Visual Quality has Moderate Value
VRI_DOM_SLNA_RATING,CodedValue,NA,Not Applicable - No special area or other related sensitivity
VRI_DOM_SLNA_RATING,CodedValue,None,Not Inventoried
VRI_DOM_SL_RATING,CodedValue,High,Maintenance of Visual Quality has High Value
VRI_DOM_SL_RATING,CodedValue,Low,Maintenance of Visual Quality has Low Value
VRI_DOM_SL_RATING,CodedValue,Missing,Missing Data from old inventory
VRI_DOM_SL_RATING,CodedValue,Moderate,Maintenance of Visual Quality has Moderate Value
VRI_DOM_SL_RATING,CodedValue,None,Not Inventoried
VRI_DOM_SQ_ADJNT_SCR,Range,0.0-5.0,NA
VRI_DOM_SQ_CODE,CodedValue,A,A - 18.5 or More Total Score for Scenic Quality
VRI_DOM_SQ_CODE,CodedValue,B,B - 11.5 to 18 Total Score for Scenic Quality
VRI_DOM_SQ_CODE,CodedValue,C,C - 11 or Less Total Score for Scenic Quality
VRI_DOM_SQ_CODE,CodedValue,M,M - Missing data from old inventory
VRI_DOM_SQ_CODE,CodedValue,N,N - Not Inventoried
VRI_DOM_SQ_COLOR_SCR,Range,1.0-5.0,NA
VRI_DOM_SQ_CULT_SCR,Range,-4.0-2.0,NA
VRI_DOM_SQ_LFORM_SCR,Range,1.0-5.0,NA
VRI_DOM_SQ_SCARC_SCR,Range,1.0-5.0,NA
VRI_DOM_SQ_TOT_SCR,Range,0.0-32.0,NA
VRI_DOM_SQ_VEG_SCR,Range,1.0-5.0,NA
VRI_DOM_SQ_WATER_SCR,Range,0.0-5.0,NA
VRI_DOM_VDZ_CODE,CodedValue,BG,Background.  Visibility generally from 5 to 15 miles.
VRI_DOM_VDZ_CODE,CodedValue,F/M,Foreground-Middleground.  Visibility generally up to 5 miles.
VRI_DOM_VDZ_CODE,CodedValue,M,Missing Data from Old Inventory
VRI_DOM_VDZ_CODE,CodedValue,N,Not Inventoried
VRI_DOM_VDZ_CODE,CodedValue,NF,Near Foreground.  Up to 1/4 mile.  Use for NLCS Trails only.
VRI_DOM_VDZ_CODE,CodedValue,SS,"Seldom Seen.  Hidden from view, or not in foreground/middleground or background visibility zones"
VTRT_DOM_SYS_CD,CodedValue,ESRS,Emergency Stabilization and Rehabilitation System
VTRT_DOM_SYS_CD,CodedValue,FORVIS,Forest Vegetation Information System
VTRT_DOM_SYS_CD,CodedValue,MICRO*STORMS,Western OR Vegetation and Land Management Treatment Database
VTRT_DOM_SYS_CD,CodedValue,NFPORS,National Fire Plan Operations and Reporting System
VTRT_DOM_SYS_CD,CodedValue,NISIMS,National Invasive Species Information Management System
VTRT_DOM_SYS_CD,CodedValue,RIPS,Rangelland Improvement Project System
VTRT_DOM_SYS_CD,CodedValue,TSIS,Timber Sale Information System
WHB_DOM_ADMIN_AGCY,CodedValue,BLM,Bureau of Land Management
WHB_DOM_ADMIN_AGCY,CodedValue,UNK,Unknown
WHB_DOM_ADMIN_AGCY,CodedValue,USFS,US Forest Service
WHB_DOM_DOC_TYPE,CodedValue,EA,Environmental Assessment
WHB_DOM_DOC_TYPE,CodedValue,EIS,Environmental Impact Statement
WHB_DOM_DOC_TYPE,CodedValue,FS PLAN,Forest Service Plan Number
WHB_DOM_DOC_TYPE,CodedValue,HMAP,Herd Management Area Plan
WHB_DOM_DOC_TYPE,CodedValue,OTHER,Other
WHB_DOM_DOC_TYPE,CodedValue,RMP,Resource Management Plan
WHB_DOM_HERD_TYPE,CodedValue,BOTH,Both
WHB_DOM_HERD_TYPE,CodedValue,BURRO,Burro
WHB_DOM_HERD_TYPE,CodedValue,HORSE,Horse
WHB_DOM_HERD_TYPE,CodedValue,UNK,Unknown
dom_GTLF_Carto_Category,CodedValue,DisturbC5,DisturbC5
dom_GTLF_Carto_Category,CodedValue,Interstate,Interstate
dom_GTLF_Carto_Category,CodedValue,LndStripC3,LndStripC3
dom_GTLF_Carto_Category,CodedValue,MajorCR,MajorCR
dom_GTLF_Carto_Category,CodedValue,MajorST,MajorST
dom_GTLF_Carto_Category,CodedValue,MajorUS,MajorUS
dom_GTLF_Carto_Category,CodedValue,PrimRdB3,PrimRdB3
dom_GTLF_Carto_Category,CodedValue,PrimRdC1,PrimRdC1
dom_GTLF_Carto_Category,CodedValue,PrimTrlC2,PrimTrlC2
dom_GTLF_Carto_Category,CodedValue,Ramp,Ramp
dom_GTLF_Carto_Category,CodedValue,RoadB1,RoadB1
dom_GTLF_Carto_Category,CodedValue,RoadB2,RoadB2
dom_GTLF_Carto_Category,CodedValue,VirFeatC4,VirFeatC4
dom_SMAstate_ca,CodedValue,1,Other State Department
dom_SMAstate_ca,CodedValue,2,Lands Commission
dom_SMAstate_ca,CodedValue,3,Parks and Recreation
dom_SMAstate_ca,CodedValue,4,Fish and Wildlife
dom_SMAstate_ca,CodedValue,5,Forestry and Fire Protection
dom_SMAstate_ca,CodedValue,6,Wildlife Conservation Board
dom_SMAstate_ca,CodedValue,7,Tahoe Conservancy
